index,number_of_cars,routeLength,speed,duration,waitingTime,timeLoss,departDelay,departDelayWaiting,totalTravelTime,totalDepartDelay,rear_end_collisions,lateral_collisions,emergency_brakes,algorithm,shield_distance
0,3353,390.46,100,49.4,9.17,34.7,3.15,-1.0,165651.0,10550.0,16,26,17,dqn,50
1,3516,388.88,100,74.13,20.71,59.55,80.25,-1.0,260650.0,282150.0,48,92,56,dqn,50
2,3520,388.36,100,70.95,18.69,56.45,42.39,-1.0,249753.0,149219.0,39,120,56,dqn,50
0,3570,389.43,80,44.42,6.11,26.58,0.0,-1.0,158581.0,2.0,48,140,152,ppo,5
1,3489,389.81,80,44.79,5.96,26.88,0.0,-1.0,156277.0,1.0,59,123,105,ppo,5
2,3477,390.3,80,44.09,5.95,26.16,0.0,-1.0,153305.0,15.0,42,123,118,ppo,5
0,3482,389.89,130,42.72,5.85,31.74,0.01,-1.0,148744.0,19.0,74,185,202,trpo,0
1,3498,390.29,130,45.51,6.18,34.54,0.01,-1.0,159211.0,32.0,82,199,201,trpo,0
2,3499,390.32,130,46.08,6.3,35.06,0.07,-1.0,161233.0,249.0,80,200,214,trpo,0
3,3620,389.86,130,45.66,6.5,34.73,0.0,-1.0,165302.0,12.0,105,215,239,trpo,0
0,3450,390.03,80,36.9,3.68,18.83,0.0,-1.0,127296.0,0.0,41,66,44,trpo,10
1,3418,390.02,80,38.91,4.55,20.87,0.0,-1.0,133013.0,0.0,37,50,50,trpo,10
2,3494,390.05,80,36.91,3.7,18.79,0.0,-1.0,128961.0,0.0,34,42,37,trpo,10
0,3396,390.47,80,46.72,6.77,28.46,0.0,-1.0,158664.0,1.0,13,29,25,ppo,100
1,3401,390.44,80,48.83,7.15,30.69,0.05,-1.0,166079.0,174.0,11,37,17,ppo,100
2,3406,389.93,80,48.27,7.21,30.09,0.0,-1.0,164392.0,13.0,15,23,15,ppo,100
0,3386,391.79,30,100.08,10.82,53.72,35.4,-1.0,338861.0,119870.0,64,292,1,trpo,0
1,3498,391.58,30,102.12,10.37,56.01,75.01,-1.0,357213.0,262376.0,77,363,3,trpo,0
2,3430,392.04,30,101.14,10.55,54.8,17.86,-1.0,346907.0,61248.0,87,306,2,trpo,0
3,3382,391.28,30,99.04,10.59,52.76,25.42,-1.0,334941.0,85981.0,48,331,3,trpo,0
0,3495,389.94,130,40.96,4.84,29.76,0.02,-1.0,143161.0,57.0,40,82,79,ppo,10
1,3470,389.78,130,34.15,2.99,22.98,0.0,-1.0,118512.0,1.0,37,102,97,ppo,10
2,3541,389.6,130,35.23,3.33,24.06,0.0,-1.0,124745.0,3.0,50,105,80,ppo,10
0,3447,390.15,30,89.33,12.56,41.92,0.15,-1.0,307920.0,505.0,21,71,0,ppo,50
1,3468,390.29,30,96.25,14.05,49.05,6.85,-1.0,333814.0,23746.0,20,90,0,ppo,50
2,3399,390.5,30,83.4,10.88,36.2,0.1,-1.0,283473.0,327.0,24,74,0,ppo,50
0,3471,389.94,130,45.07,5.93,34.01,0.06,-1.0,156438.0,198.0,69,152,165,trpo,1
1,3425,390.36,130,43.51,5.65,32.42,0.01,-1.0,149025.0,22.0,84,141,174,trpo,1
2,3479,389.89,130,40.04,4.85,28.96,0.01,-1.0,139310.0,55.0,85,142,157,trpo,1
3,3516,389.69,130,43.97,6.05,32.86,0.07,-1.0,154605.0,242.0,72,153,180,trpo,1
0,3635,389.68,50,43.53,3.42,15.62,0.0,-1.0,158250.0,1.0,117,271,77,dqn,5
1,3432,390.39,50,42.85,3.27,14.83,0.0,-1.0,147057.0,0.0,97,217,75,dqn,5
2,3559,389.7,50,42.19,2.92,14.32,0.0,-1.0,150171.0,7.0,94,239,74,dqn,5
3,3394,389.81,50,42.92,3.21,14.98,0.0,-1.0,145681.0,2.0,91,243,89,dqn,5
0,3498,389.92,130,44.04,10.33,32.99,0.0,-1.0,154058.0,2.0,90,211,209,dqn,5
1,3422,390.06,130,41.46,9.58,30.43,0.0,-1.0,141873.0,1.0,87,217,211,dqn,5
2,3439,390.02,130,42.78,9.94,31.7,0.01,-1.0,147135.0,18.0,81,194,201,dqn,5
0,3456,389.92,80,42.67,5.69,24.57,0.0,-1.0,147465.0,3.0,32,51,50,dqn,50
1,3465,390.1,80,41.57,5.17,23.5,0.0,-1.0,144034.0,1.0,41,60,53,dqn,50
2,3515,390.03,80,41.25,4.94,23.18,0.0,-1.0,145003.0,1.0,33,71,34,dqn,50
0,3396,388.67,50,73.92,17.84,45.47,85.13,-1.0,251032.0,289109.0,33,83,8,a2c,100
1,3304,389.2,50,72.63,19.67,44.14,111.88,-1.0,239963.0,369638.0,32,61,11,a2c,100
2,3345,389.26,50,72.55,19.1,44.02,100.23,-1.0,242670.0,335265.0,37,67,12,a2c,100
0,3404,390.33,30,59.71,1.64,13.68,0.0,-1.0,203258.0,0.0,70,330,3,a2c,0
1,3462,389.4,30,59.92,1.75,13.94,0.0,-1.0,207456.0,1.0,69,329,1,a2c,0
2,3546,389.49,30,60.61,1.94,14.63,0.0,-1.0,214937.0,0.0,81,345,2,a2c,0
3,3362,390.35,30,59.61,1.69,13.43,0.0,-1.0,200396.0,0.0,59,308,0,a2c,0
0,3402,389.67,80,39.66,4.57,21.9,0.0,-1.0,134913.0,0.0,77,154,133,ppo,1
1,3530,389.47,80,42.92,5.53,25.11,0.0,-1.0,151514.0,2.0,63,159,119,ppo,1
2,3446,389.86,80,40.67,4.8,22.86,0.0,-1.0,140149.0,2.0,69,137,140,ppo,1
3,3424,390.32,80,44.2,5.71,26.39,0.0,-1.0,151360.0,1.0,71,133,122,ppo,1
0,3255,388.19,130,85.42,35.06,74.28,252.33,-1.0,278061.0,821324.0,72,150,111,dqn,50
1,3247,387.74,130,85.94,35.66,74.87,212.41,-1.0,279057.0,689689.0,59,166,133,dqn,50
2,3243,389.0,130,84.4,34.89,73.27,314.75,-1.0,273722.0,1020731.0,63,157,118,dqn,50
0,3401,390.46,100,46.96,7.41,32.26,0.01,-1.0,159722.0,28.0,2,5,8,trpo,0
1,3464,390.03,100,54.26,8.96,39.64,1.09,-1.0,187967.0,3768.0,0,1,4,trpo,0
2,3563,389.9,100,48.91,7.92,34.32,0.0,-1.0,174256.0,1.0,0,0,2,trpo,0
3,3516,390.01,100,49.68,8.53,34.98,0.0,-1.0,174668.0,1.0,0,0,3,trpo,0
0,3458,389.95,80,37.63,3.93,19.61,0.0,-1.0,130119.0,0.0,36,67,38,trpo,20
1,3419,390.1,80,37.18,3.67,19.07,0.0,-1.0,127123.0,0.0,34,34,36,trpo,20
2,3518,390.08,80,38.13,4.17,20.03,0.0,-1.0,134162.0,0.0,28,40,43,trpo,20
0,3494,389.66,50,47.0,4.37,19.02,0.0,-1.0,164211.0,1.0,87,258,76,dqn,1
1,3490,390.44,50,47.31,4.74,19.37,0.0,-1.0,165106.0,0.0,97,235,79,dqn,1
2,3416,389.96,50,45.03,3.95,17.09,0.0,-1.0,153817.0,0.0,77,241,88,dqn,1
3,3549,389.71,50,45.36,4.0,17.58,0.0,-1.0,160971.0,0.0,106,253,86,dqn,1
0,3433,389.83,100,33.21,2.53,18.76,0.0,-1.0,114017.0,0.0,60,87,99,ppo,10
1,3486,389.73,100,33.69,2.71,19.23,0.0,-1.0,117440.0,1.0,62,82,97,ppo,10
2,3516,390.13,100,34.67,3.0,20.17,0.0,-1.0,121899.0,2.0,39,116,102,ppo,10
0,3485,390.42,100,49.01,8.17,34.35,0.0,-1.0,170799.0,6.0,0,0,2,trpo,1
1,3418,390.37,100,49.65,8.1,35.01,0.0,-1.0,169710.0,1.0,0,1,1,trpo,1
2,3454,390.16,100,46.57,7.47,31.92,0.0,-1.0,160840.0,5.0,0,0,1,trpo,1
3,3370,389.98,100,47.22,7.58,32.55,0.0,-1.0,159145.0,5.0,0,0,3,trpo,1
0,3473,390.24,100,43.11,6.15,28.44,0.0,-1.0,149711.0,1.0,18,32,8,dqn,5
1,3527,389.82,100,43.53,6.25,28.89,0.0,-1.0,153545.0,5.0,14,25,6,dqn,5
2,3457,390.15,100,44.16,6.34,29.47,0.0,-1.0,152679.0,10.0,15,39,7,dqn,5
0,3406,389.99,30,61.75,2.65,15.5,0.0,-1.0,210333.0,0.0,62,278,1,a2c,1
1,3393,389.98,30,61.27,2.35,14.97,0.0,-1.0,207875.0,0.0,69,260,2,a2c,1
2,3512,389.78,30,61.28,2.42,15.36,0.0,-1.0,215204.0,0.0,66,337,1,a2c,1
3,3548,389.72,30,62.04,2.61,16.0,0.0,-1.0,220124.0,0.0,54,328,0,a2c,1
0,3438,390.07,100,41.92,5.56,27.25,0.0,-1.0,144137.0,0.0,5,37,6,dqn,1
1,3411,390.05,100,41.63,5.49,26.92,0.0,-1.0,141993.0,13.0,13,30,11,dqn,1
2,3536,389.9,100,43.77,6.38,29.13,0.0,-1.0,154777.0,8.0,19,40,7,dqn,1
3,3567,390.14,100,44.81,6.69,30.14,0.0,-1.0,159834.0,8.0,16,40,10,dqn,1
0,3390,390.12,80,43.33,5.77,25.72,0.01,-1.0,146893.0,18.0,82,165,162,ppo,0
1,3454,390.01,80,41.87,5.38,24.23,0.0,-1.0,144610.0,8.0,93,176,170,ppo,0
2,3463,390.02,80,40.7,4.89,23.01,0.04,-1.0,140953.0,147.0,90,168,142,ppo,0
3,3473,390.0,80,43.69,5.88,25.98,0.0,-1.0,151721.0,11.0,71,167,163,ppo,0
0,3490,390.51,50,53.81,7.43,24.93,0.01,-1.0,187813.0,19.0,22,11,6,trpo,100
1,3475,390.15,50,54.43,7.64,25.61,0.0,-1.0,189155.0,4.0,6,17,1,trpo,100
2,3504,390.33,50,56.13,8.18,27.33,0.0,-1.0,196676.0,6.0,9,12,3,trpo,100
0,3425,390.04,80,39.85,4.59,21.92,0.0,-1.0,136477.0,0.0,57,84,61,dqn,20
1,3515,389.89,80,41.21,4.85,23.2,0.0,-1.0,144847.0,2.0,53,79,61,dqn,20
2,3547,389.72,80,40.34,4.56,22.34,0.0,-1.0,143077.0,8.0,60,90,87,dqn,20
0,3506,389.74,100,47.59,7.58,32.97,0.0,-1.0,166858.0,6.0,0,1,0,trpo,5
1,3510,390.28,100,55.89,9.51,41.25,0.04,-1.0,196178.0,159.0,4,6,1,trpo,5
2,3444,389.93,100,47.28,7.53,32.6,0.0,-1.0,162833.0,0.0,0,0,2,trpo,5
0,3495,389.97,30,83.11,9.78,36.04,0.03,-1.0,290464.0,122.0,36,143,2,ppo,20
1,3453,390.35,30,83.75,10.19,36.85,0.34,-1.0,289202.0,1188.0,40,131,0,ppo,20
2,3503,390.4,30,86.73,11.17,39.85,2.91,-1.0,303829.0,10191.0,43,137,1,ppo,20
0,3550,389.54,50,53.15,6.21,25.32,0.01,-1.0,188673.0,41.0,100,236,85,dqn,0
1,3560,389.78,50,53.08,5.98,25.38,0.02,-1.0,188955.0,75.0,135,251,106,dqn,0
2,3462,390.1,50,52.57,6.4,24.78,0.0,-1.0,181998.0,12.0,99,243,86,dqn,0
3,3522,389.96,50,52.32,6.27,24.33,0.0,-1.0,184268.0,1.0,106,220,87,dqn,0
0,3530,390.33,30,87.1,9.69,40.93,0.38,-1.0,307476.0,1345.0,57,293,0,trpo,5
1,3552,390.85,30,89.98,9.86,43.69,1.56,-1.0,319602.0,5529.0,63,280,1,trpo,5
2,3562,390.83,30,90.39,9.84,44.05,2.63,-1.0,321953.0,9376.0,68,291,0,trpo,5
3,3491,390.61,30,87.84,10.35,41.31,0.43,-1.0,306666.0,1517.0,60,283,3,trpo,5
0,3441,389.98,130,41.7,5.48,30.44,0.0,-1.0,143473.0,2.0,15,42,22,a2c,100
1,3467,389.95,130,41.5,5.46,30.2,0.0,-1.0,143895.0,1.0,18,43,27,a2c,100
2,3487,389.45,130,45.01,6.71,33.73,0.0,-1.0,156961.0,3.0,20,36,14,a2c,100
0,3427,389.89,100,42.85,5.89,28.19,0.0,-1.0,146840.0,7.0,14,38,8,dqn,0
1,3397,389.92,100,42.06,5.56,27.39,0.0,-1.0,142884.0,3.0,12,35,10,dqn,0
2,3479,389.67,100,41.71,5.38,27.09,0.0,-1.0,145118.0,2.0,18,45,9,dqn,0
3,3471,389.84,100,41.65,5.51,27.0,0.0,-1.0,144560.0,0.0,9,46,9,dqn,0
0,3521,389.77,30,63.16,3.26,16.89,0.0,-1.0,222406.0,8.0,74,277,0,a2c,5
1,3464,389.82,30,62.77,3.19,16.5,0.0,-1.0,217434.0,4.0,54,261,0,a2c,5
2,3479,390.05,30,63.02,2.98,16.74,0.0,-1.0,219230.0,3.0,52,308,1,a2c,5
3,3490,389.52,30,63.2,3.28,16.88,0.0,-1.0,220570.0,0.0,68,249,1,a2c,5
0,3448,389.81,80,40.63,4.79,22.69,0.0,-1.0,140087.0,0.0,47,105,107,dqn,10
1,3494,389.68,80,39.45,4.5,21.62,0.0,-1.0,137856.0,0.0,70,128,100,dqn,10
2,3511,389.58,80,39.86,4.58,21.94,0.0,-1.0,139956.0,0.0,63,110,97,dqn,10
0,3459,389.81,130,38.63,8.23,27.52,0.0,-1.0,133623.0,0.0,76,192,178,dqn,1
1,3447,390.29,130,39.08,8.12,28.01,0.0,-1.0,134703.0,0.0,87,201,230,dqn,1
2,3406,390.34,130,40.13,8.72,29.02,0.0,-1.0,136672.0,2.0,79,202,189,dqn,1
3,3590,390.1,130,40.68,8.97,29.61,0.0,-1.0,146054.0,0.0,93,216,205,dqn,1
0,3473,389.66,130,44.77,6.03,33.67,0.04,-1.0,155502.0,122.0,59,106,118,trpo,5
1,3450,390.2,130,44.56,6.0,33.44,0.01,-1.0,153747.0,25.0,61,120,129,trpo,5
2,3423,389.97,130,43.98,5.88,32.87,0.0,-1.0,150562.0,5.0,57,129,131,trpo,5
0,3546,390.02,30,83.95,9.62,37.08,1.14,-1.0,297674.0,4059.0,55,169,1,ppo,10
1,3396,389.6,30,77.34,8.6,30.67,0.0,-1.0,262645.0,8.0,46,181,1,ppo,10
2,3400,389.84,30,76.46,8.01,29.84,0.01,-1.0,259973.0,29.0,52,186,1,ppo,10
0,3424,390.24,80,38.34,4.17,20.19,0.0,-1.0,131276.0,2.0,27,33,35,trpo,50
1,3497,390.19,80,42.81,5.52,24.62,0.18,-1.0,149723.0,625.0,25,36,25,trpo,50
2,3473,389.99,80,38.01,4.0,19.88,0.0,-1.0,131994.0,0.0,17,35,32,trpo,50
0,3457,390.16,100,40.12,4.87,25.53,0.0,-1.0,138698.0,10.0,19,52,36,a2c,100
1,3493,389.93,100,42.0,5.53,27.38,0.0,-1.0,146697.0,10.0,26,31,22,a2c,100
2,3437,390.01,100,40.76,5.22,26.16,0.0,-1.0,140085.0,4.0,21,34,26,a2c,100
0,3445,390.85,30,91.53,10.11,45.41,2.4,-1.0,315329.0,8270.0,85,289,1,trpo,1
1,3569,391.29,30,96.22,9.76,49.85,7.85,-1.0,343408.0,28014.0,73,320,3,trpo,1
2,3484,391.09,30,92.03,9.64,45.85,4.0,-1.0,320649.0,13942.0,73,299,4,trpo,1
3,3456,391.0,30,92.23,9.91,46.02,2.58,-1.0,318753.0,8905.0,86,300,3,trpo,1
0,3422,390.01,130,37.17,7.35,26.04,0.0,-1.0,127201.0,1.0,72,179,191,dqn,0
1,3580,389.87,130,38.84,7.78,27.79,0.0,-1.0,139031.0,2.0,96,190,217,dqn,0
2,3500,389.66,130,39.6,8.24,28.55,0.0,-1.0,138590.0,0.0,74,188,184,dqn,0
3,3399,389.38,130,38.75,7.75,27.65,0.0,-1.0,131721.0,4.0,78,174,155,dqn,0
0,3422,389.88,80,36.65,3.74,18.95,0.0,-1.0,125417.0,0.0,86,168,167,dqn,0
1,3450,389.99,80,38.98,4.58,21.3,0.0,-1.0,134489.0,3.0,95,184,149,dqn,0
2,3436,389.84,80,37.53,4.02,19.79,0.0,-1.0,128962.0,11.0,83,178,157,dqn,0
3,3469,389.72,80,37.46,3.87,19.76,0.0,-1.0,129939.0,6.0,89,177,182,dqn,0
0,3319,391.01,30,110.93,28.96,63.72,330.14,-1.0,368189.0,1095735.0,32,122,0,a2c,50
1,3250,391.42,30,109.05,27.36,61.97,247.97,-1.0,354401.0,805915.0,41,148,0,a2c,50
2,3335,391.24,30,108.38,27.88,61.44,183.93,-1.0,361448.0,613408.0,41,140,0,a2c,50
0,3550,390.3,130,53.31,7.93,42.16,1.3,-1.0,189253.0,4636.0,62,98,91,trpo,10
1,3527,390.06,130,46.77,6.58,35.64,0.22,-1.0,164967.0,767.0,55,130,111,trpo,10
2,3513,390.32,130,51.96,7.62,40.84,0.87,-1.0,182524.0,3053.0,56,126,115,trpo,10
0,3466,390.1,50,42.08,3.46,14.03,0.0,-1.0,145835.0,0.0,73,233,80,dqn,20
1,3424,390.2,50,42.32,3.56,14.23,0.0,-1.0,144893.0,1.0,66,235,76,dqn,20
2,3446,390.15,50,42.69,3.9,14.55,0.0,-1.0,147095.0,0.0,92,227,81,dqn,20
0,3385,390.57,80,42.88,5.43,24.78,0.71,-1.0,145146.0,2418.0,17,28,18,trpo,100
1,3475,389.73,80,45.6,6.56,27.5,0.01,-1.0,158468.0,33.0,24,25,14,trpo,100
2,3480,390.34,80,41.44,5.34,23.23,0.0,-1.0,144211.0,3.0,21,21,13,trpo,100
0,3515,390.11,50,43.48,3.34,15.22,0.0,-1.0,152848.0,0.0,45,168,28,ppo,0
1,3551,389.88,50,43.4,3.14,15.15,0.0,-1.0,154107.0,0.0,44,191,33,ppo,0
2,3402,390.1,50,43.13,3.11,14.8,0.0,-1.0,146722.0,2.0,50,137,39,ppo,0
3,3408,390.11,50,43.46,3.2,15.11,0.0,-1.0,148121.0,1.0,43,130,40,ppo,0
0,3492,390.06,50,41.78,2.97,13.83,0.0,-1.0,145901.0,1.0,97,221,83,dqn,10
1,3418,390.19,50,42.48,3.26,14.45,0.0,-1.0,145206.0,0.0,71,245,66,dqn,10
2,3504,389.98,50,42.44,3.35,14.46,0.0,-1.0,148695.0,0.0,85,247,73,dqn,10
0,3531,390.05,100,50.07,8.08,35.41,0.01,-1.0,176797.0,28.0,0,0,1,trpo,10
1,3419,390.52,100,53.07,8.56,38.35,2.75,-1.0,181455.0,9415.0,0,0,1,trpo,10
2,3519,390.3,100,58.24,9.79,43.55,2.91,-1.0,204965.0,10235.0,0,0,0,trpo,10
0,3524,390.27,50,57.41,8.25,28.75,0.08,-1.0,202313.0,290.0,20,26,1,trpo,50
1,3504,390.13,50,53.63,7.31,24.83,0.01,-1.0,187928.0,34.0,12,33,3,trpo,50
2,3479,389.72,50,55.13,7.76,26.46,0.0,-1.0,191796.0,4.0,20,33,6,trpo,50
0,3524,389.22,80,38.56,4.19,20.83,0.0,-1.0,135906.0,1.0,80,143,123,dqn,5
1,3512,390.42,80,38.23,4.03,20.39,0.0,-1.0,134274.0,0.0,73,130,139,dqn,5
2,3475,389.96,80,38.51,4.27,20.57,0.0,-1.0,133812.0,5.0,75,109,127,dqn,5
0,2496,390.12,50,131.93,79.15,103.41,892.17,-1.0,329293.0,2226861.0,38,100,38,ppo,100
1,2559,390.23,50,126.84,73.87,98.4,877.19,-1.0,324576.0,2244738.0,39,125,36,ppo,100
2,1804,393.2,50,50.97,12.38,21.92,7.07,-1.0,91941.0,12755.0,4,17,6,ppo,100
0,3532,389.89,50,51.56,6.54,22.97,0.0,-1.0,182118.0,5.0,37,58,17,trpo,10
1,3390,390.1,50,49.24,5.8,20.56,0.0,-1.0,166924.0,0.0,22,51,10,trpo,10
2,3485,390.17,50,52.33,6.94,23.65,0.0,-1.0,182382.0,0.0,19,50,5,trpo,10
0,3500,389.94,80,46.94,8.3,28.77,0.02,-1.0,164279.0,65.0,37,46,16,a2c,100
1,3513,389.77,80,46.98,7.89,28.77,0.2,-1.0,165053.0,701.0,20,48,19,a2c,100
2,3525,389.93,80,45.15,7.39,27.04,0.0,-1.0,159168.0,15.0,29,54,24,a2c,100
0,3491,389.9,130,32.58,2.24,21.37,0.0,-1.0,113734.0,1.0,58,89,96,a2c,10
1,3558,389.68,130,33.13,2.47,21.96,0.0,-1.0,117896.0,0.0,51,105,94,a2c,10
2,3510,389.93,130,33.13,2.46,21.97,0.0,-1.0,116302.0,5.0,60,94,90,a2c,10
0,3510,389.8,50,52.13,9.25,24.01,0.13,-1.0,182966.0,452.0,71,188,45,dqn,50
1,3512,389.95,50,48.76,7.83,20.59,0.0,-1.0,171250.0,4.0,89,209,70,dqn,50
2,3444,390.4,50,50.7,8.95,22.5,0.02,-1.0,174601.0,73.0,77,188,62,dqn,50
0,3425,389.95,50,44.23,3.77,15.81,0.0,-1.0,151476.0,0.0,44,152,34,ppo,5
1,3513,390.0,50,44.48,4.0,16.23,0.0,-1.0,156278.0,5.0,44,172,46,ppo,5
2,3464,390.04,50,43.85,3.55,15.47,0.0,-1.0,151889.0,0.0,55,138,39,ppo,5
0,3465,389.75,30,68.64,5.84,22.29,1.55,-1.0,237849.0,5384.0,61,220,0,a2c,20
1,3468,390.16,30,71.67,7.86,25.17,1.26,-1.0,248567.0,4371.0,59,211,1,a2c,20
2,3528,389.62,30,72.18,7.89,25.75,1.7,-1.0,254654.0,5991.0,65,235,1,a2c,20
0,3507,389.9,100,46.07,7.12,31.45,0.0,-1.0,161565.0,8.0,17,22,5,dqn,20
1,3596,390.28,100,49.88,8.72,35.24,0.79,-1.0,179354.0,2829.0,21,45,21,dqn,20
2,3484,389.75,100,44.79,6.8,30.12,0.01,-1.0,156059.0,46.0,8,17,9,dqn,20
0,3290,391.82,30,107.14,20.38,59.59,17.7,-1.0,352494.0,58219.0,12,46,0,dqn,100
1,3396,392.28,30,116.93,19.88,69.11,103.97,-1.0,397090.0,353094.0,10,38,0,dqn,100
2,3424,392.36,30,115.81,20.2,68.02,66.45,-1.0,396548.0,227529.0,11,34,0,dqn,100
0,3457,389.9,80,39.07,4.58,21.29,0.0,-1.0,135074.0,1.0,80,147,126,dqn,1
1,3479,389.74,80,38.37,4.15,20.53,0.0,-1.0,133475.0,0.0,56,162,135,dqn,1
2,3540,389.67,80,37.79,3.95,20.02,0.0,-1.0,133768.0,7.0,87,168,140,dqn,1
3,3578,389.83,80,37.18,3.88,19.38,0.0,-1.0,133044.0,0.0,80,142,131,dqn,1
0,3390,390.03,50,50.88,6.3,22.09,0.0,-1.0,172503.0,1.0,19,30,7,trpo,20
1,3545,390.13,50,53.14,7.14,24.45,0.0,-1.0,188399.0,4.0,18,51,9,trpo,20
2,3582,390.1,50,54.02,7.64,25.33,0.0,-1.0,193497.0,1.0,21,41,5,trpo,20
0,3534,390.01,100,32.88,2.15,18.41,0.0,-1.0,116204.0,4.0,54,96,107,a2c,10
1,3489,389.84,100,32.2,1.92,17.68,0.0,-1.0,112354.0,0.0,38,96,87,a2c,10
2,3497,389.41,100,33.17,2.25,18.77,0.0,-1.0,116015.0,3.0,60,91,86,a2c,10
0,3589,389.77,30,65.67,4.63,19.47,0.0,-1.0,235708.0,5.0,61,291,1,a2c,10
1,3509,389.92,30,66.12,4.83,19.66,0.0,-1.0,232016.0,6.0,59,259,3,a2c,10
2,3478,389.86,30,64.26,4.07,18.01,0.01,-1.0,223498.0,27.0,65,242,0,a2c,10
0,3520,389.96,50,43.72,3.45,15.54,0.0,-1.0,153893.0,6.0,55,165,41,ppo,1
1,3506,390.12,50,43.89,3.42,15.58,0.0,-1.0,153888.0,4.0,44,166,35,ppo,1
2,3499,390.03,50,44.12,3.48,15.82,0.0,-1.0,154390.0,0.0,48,171,30,ppo,1
3,3523,390.37,50,43.4,3.37,15.1,0.0,-1.0,152884.0,0.0,52,168,32,ppo,1
0,3416,389.83,130,56.13,17.01,45.12,3.07,-1.0,191755.0,10476.0,89,257,193,dqn,20
1,3507,388.93,130,59.02,18.53,48.02,8.7,-1.0,206972.0,30498.0,98,256,185,dqn,20
2,3500,389.35,130,55.57,16.42,44.58,1.91,-1.0,194483.0,6676.0,98,266,194,dqn,20
0,2851,390.13,130,98.49,48.81,87.18,669.96,-1.0,280808.0,1910042.0,19,27,33,dqn,100
1,2937,388.27,130,94.45,44.86,83.17,564.87,-1.0,277390.0,1659034.0,26,41,44,dqn,100
2,2863,390.04,130,97.65,47.59,86.35,651.13,-1.0,279580.0,1864198.0,17,39,28,dqn,100
0,3417,389.49,100,36.99,3.89,22.5,0.0,-1.0,126397.0,2.0,38,41,42,ppo,50
1,3613,389.83,100,41.23,5.48,26.67,0.01,-1.0,148984.0,35.0,40,71,32,ppo,50
2,3359,390.18,100,36.12,3.73,21.55,0.0,-1.0,121312.0,0.0,29,74,54,ppo,50
0,3494,390.02,50,37.66,1.05,9.82,0.0,-1.0,131596.0,0.0,84,237,146,a2c,0
1,3502,389.95,50,37.78,1.1,9.82,0.0,-1.0,132305.0,1.0,87,232,128,a2c,0
2,3479,390.18,50,37.4,1.02,9.5,0.0,-1.0,130123.0,0.0,84,219,114,a2c,0
3,3466,389.81,50,37.39,0.96,9.57,0.0,-1.0,129581.0,0.0,76,251,113,a2c,0
0,3430,389.9,130,27.21,0.83,16.13,0.0,-1.0,93324.0,0.0,57,126,120,a2c,1
1,3398,390.2,130,27.26,0.93,16.15,0.0,-1.0,92629.0,3.0,81,129,105,a2c,1
2,3491,390.13,130,27.69,0.95,16.53,0.0,-1.0,96681.0,0.0,47,135,105,a2c,1
3,3438,390.07,130,27.53,0.93,16.41,0.0,-1.0,94657.0,0.0,72,118,120,a2c,1
0,3410,390.08,100,34.03,2.72,19.5,0.0,-1.0,116035.0,0.0,45,77,61,a2c,20
1,3506,389.73,100,35.28,3.08,20.8,0.0,-1.0,123712.0,1.0,44,92,82,a2c,20
2,3515,390.22,100,36.19,3.44,21.72,0.0,-1.0,127224.0,4.0,51,78,61,a2c,20
0,3496,389.85,80,31.89,1.79,14.09,0.0,-1.0,111508.0,0.0,87,192,147,a2c,10
1,3450,390.08,80,31.05,1.55,13.2,0.0,-1.0,107121.0,1.0,74,174,114,a2c,10
2,3543,389.6,80,31.87,1.79,14.04,0.0,-1.0,112915.0,1.0,80,167,129,a2c,10
0,3513,389.86,130,24.98,0.52,13.85,0.0,-1.0,87742.0,0.0,66,108,110,a2c,0
1,3493,389.86,130,24.53,0.44,13.4,0.0,-1.0,85696.0,0.0,55,124,119,a2c,0
2,3512,389.32,130,24.86,0.44,13.77,0.0,-1.0,87323.0,2.0,69,132,105,a2c,0
3,3483,389.84,130,24.88,0.44,13.74,0.0,-1.0,86671.0,5.0,65,123,102,a2c,0
0,3548,389.89,30,65.35,5.71,19.25,0.0,-1.0,231877.0,0.0,67,335,1,dqn,1
1,3512,389.2,30,64.57,5.6,18.78,0.0,-1.0,226770.0,1.0,67,362,1,dqn,1
2,3496,389.6,30,65.86,6.57,20.0,0.0,-1.0,230238.0,2.0,78,324,3,dqn,1
3,3524,389.34,30,65.62,6.15,19.69,0.0,-1.0,231266.0,3.0,57,344,3,dqn,1
0,3513,389.31,130,46.43,11.5,35.37,0.06,-1.0,163124.0,227.0,83,222,200,dqn,10
1,3512,389.96,130,45.91,12.12,34.84,0.05,-1.0,161248.0,168.0,98,225,224,dqn,10
2,3487,390.17,130,45.47,11.38,34.44,0.53,-1.0,158538.0,1833.0,100,224,206,dqn,10
0,3479,390.28,80,45.72,6.61,27.61,0.0,-1.0,159053.0,1.0,26,37,18,dqn,100
1,3430,389.79,80,42.07,5.34,23.97,0.0,-1.0,144315.0,0.0,25,35,24,dqn,100
2,3401,389.9,80,46.97,6.85,28.88,0.01,-1.0,159758.0,26.0,23,29,18,dqn,100
0,3365,389.78,100,27.98,0.86,13.65,0.0,-1.0,94147.0,0.0,69,112,98,a2c,1
1,3488,390.29,100,28.71,1.03,14.25,0.0,-1.0,100127.0,0.0,59,116,119,a2c,1
2,3483,389.78,100,28.84,0.99,14.46,0.0,-1.0,100447.0,1.0,58,124,130,a2c,1
3,3531,389.51,100,28.38,0.95,14.02,0.0,-1.0,100215.0,0.0,63,151,109,a2c,1
0,3459,389.89,130,34.52,2.99,23.26,0.0,-1.0,119395.0,1.0,40,81,62,a2c,20
1,3548,390.04,130,35.84,3.39,24.58,0.0,-1.0,127143.0,0.0,46,78,78,a2c,20
2,3459,390.05,130,35.64,3.27,24.36,0.0,-1.0,123289.0,5.0,41,76,65,a2c,20
0,3355,390.14,100,60.81,15.46,46.17,44.05,-1.0,204026.0,147773.0,15,17,17,dqn,100
1,3288,389.84,100,79.22,24.68,64.62,164.15,-1.0,260493.0,539715.0,23,32,22,dqn,100
2,3280,390.66,100,57.73,13.4,43.07,22.9,-1.0,189347.0,75102.0,10,15,12,dqn,100
0,3425,390.11,130,52.06,7.64,40.78,0.48,-1.0,178321.0,1635.0,18,25,25,ppo,50
1,3415,390.13,130,44.84,6.05,33.56,0.01,-1.0,153142.0,34.0,16,53,36,ppo,50
2,3507,390.55,130,57.36,9.22,46.07,0.28,-1.0,201161.0,988.0,22,29,30,ppo,50
0,3534,390.0,80,32.56,2.28,14.69,0.0,-1.0,115060.0,5.0,74,155,140,a2c,20
1,3475,390.08,80,33.06,2.46,15.13,0.0,-1.0,114885.0,0.0,63,157,97,a2c,20
2,3469,390.0,80,32.94,2.33,15.05,0.0,-1.0,114281.0,2.0,82,148,122,a2c,20
0,2938,392.04,30,121.58,38.39,73.67,530.16,-1.0,357192.0,1557623.0,15,46,0,a2c,100
1,2878,392.23,30,124.24,40.18,76.48,622.42,-1.0,357575.0,1791329.0,10,36,0,a2c,100
2,3034,392.12,30,120.29,36.94,72.66,570.56,-1.0,364963.0,1731071.0,17,53,0,a2c,100
0,3541,390.02,100,26.79,0.62,12.43,0.0,-1.0,94850.0,1.0,69,126,111,a2c,0
1,3558,389.99,100,26.88,0.66,12.51,0.0,-1.0,95627.0,0.0,69,130,96,a2c,0
2,3553,389.66,100,26.83,0.69,12.48,0.0,-1.0,95329.0,5.0,75,112,106,a2c,0
3,3549,389.31,100,26.82,0.66,12.49,0.0,-1.0,95203.0,0.0,71,118,120,a2c,0
0,2380,389.92,50,67.75,20.77,39.41,92.18,-1.0,161251.0,219396.0,46,102,26,ppo,50
1,2393,390.87,50,69.95,22.78,41.57,102.01,-1.0,167398.0,244107.0,25,119,27,ppo,50
2,1696,394.18,50,37.65,1.59,8.59,0.01,-1.0,63850.0,21.0,0,5,0,ppo,50
0,3481,390.1,50,49.35,5.68,20.78,0.0,-1.0,171802.0,1.0,37,80,20,trpo,0
1,3507,390.13,50,48.65,5.49,20.02,0.0,-1.0,170631.0,0.0,21,71,11,trpo,0
2,3525,389.75,50,48.82,5.42,20.3,0.0,-1.0,172091.0,1.0,31,86,19,trpo,0
3,3536,389.91,50,49.34,5.68,20.82,0.0,-1.0,174475.0,7.0,25,84,17,trpo,0
0,3537,390.1,100,44.56,6.75,29.9,0.0,-1.0,157601.0,4.0,4,27,4,dqn,10
1,3463,390.1,100,44.61,6.71,29.94,0.0,-1.0,154472.0,2.0,11,22,5,dqn,10
2,3515,390.01,100,45.37,6.74,30.75,0.0,-1.0,159478.0,5.0,19,35,5,dqn,10
0,3538,389.96,30,66.09,5.66,19.84,0.0,-1.0,233840.0,5.0,55,303,3,dqn,5
1,3385,389.91,30,66.2,6.21,19.83,0.0,-1.0,224093.0,0.0,59,261,3,dqn,5
2,3483,390.01,30,66.55,5.84,20.34,0.0,-1.0,231802.0,5.0,56,303,1,dqn,5
3,3484,389.56,30,67.37,7.15,21.34,0.0,-1.0,234715.0,0.0,87,303,4,dqn,5
0,3443,390.0,50,44.66,4.15,16.4,0.0,-1.0,153771.0,1.0,55,140,40,ppo,10
1,3525,389.85,50,44.36,3.98,16.05,0.0,-1.0,156356.0,5.0,44,173,35,ppo,10
2,3525,389.91,50,45.09,4.3,16.75,0.01,-1.0,158932.0,52.0,42,152,46,ppo,10
0,3514,390.15,50,40.94,2.17,12.89,0.0,-1.0,143865.0,0.0,84,177,74,a2c,5
1,3359,390.28,50,40.37,1.95,12.14,0.0,-1.0,135597.0,0.0,66,152,60,a2c,5
2,3523,389.59,50,40.96,2.03,12.97,0.0,-1.0,144289.0,0.0,69,202,66,a2c,5
3,3475,389.82,50,41.35,2.32,13.24,0.0,-1.0,143689.0,0.0,70,173,54,a2c,5
0,3451,390.08,100,47.22,7.27,32.56,0.01,-1.0,162962.0,54.0,0,0,1,trpo,20
1,3520,390.29,100,52.78,8.52,38.13,0.89,-1.0,185784.0,3116.0,0,0,1,trpo,20
2,3488,389.92,100,51.14,8.52,36.51,0.01,-1.0,178387.0,18.0,1,1,1,trpo,20
0,3554,389.73,100,31.01,1.59,16.57,0.0,-1.0,110203.0,0.0,64,117,92,a2c,5
1,3427,389.81,100,30.5,1.47,16.06,0.0,-1.0,104529.0,0.0,60,92,112,a2c,5
2,3449,389.71,100,31.19,1.59,16.74,0.0,-1.0,107565.0,2.0,63,110,117,a2c,5
0,3436,389.99,50,49.16,5.79,20.62,0.0,-1.0,168926.0,0.0,26,68,7,trpo,1
1,3441,389.93,50,48.33,5.29,19.77,0.0,-1.0,166291.0,1.0,28,71,10,trpo,1
2,3493,390.19,50,48.95,5.48,20.46,0.0,-1.0,170975.0,1.0,23,84,15,trpo,1
3,3513,389.88,50,48.51,5.33,19.98,0.0,-1.0,170421.0,3.0,28,78,9,trpo,1
0,3508,389.63,50,49.73,7.17,21.53,0.36,-1.0,174468.0,1280.0,57,193,55,ppo,20
1,3513,390.11,50,48.03,6.48,19.78,0.2,-1.0,168729.0,712.0,51,155,43,ppo,20
2,3489,390.11,50,47.96,6.33,19.62,0.2,-1.0,167348.0,682.0,51,157,50,ppo,20
0,3551,389.91,50,39.22,1.61,11.32,0.0,-1.0,139254.0,0.0,98,231,77,a2c,1
1,3460,390.12,50,38.9,1.43,10.82,0.0,-1.0,134610.0,0.0,80,198,93,a2c,1
2,3424,390.21,50,39.2,1.56,11.24,0.0,-1.0,134238.0,0.0,73,179,91,a2c,1
3,3368,390.25,50,39.13,1.51,11.07,0.0,-1.0,131800.0,0.0,72,191,86,a2c,1
0,3404,392.06,30,122.59,19.57,74.65,7.5,-1.0,417294.0,25543.0,3,9,0,trpo,100
1,3396,391.05,30,98.99,15.0,51.37,0.81,-1.0,336186.0,2767.0,14,32,0,trpo,100
2,3373,391.69,30,114.23,17.92,66.29,23.33,-1.0,385288.0,78681.0,5,14,0,trpo,100
0,3458,390.16,130,47.45,6.63,36.29,0.13,-1.0,164065.0,448.0,45,102,78,trpo,20
1,3477,390.41,130,54.54,7.8,43.33,1.95,-1.0,189635.0,6773.0,34,65,58,trpo,20
2,3479,389.65,130,46.54,6.41,35.33,0.15,-1.0,161911.0,540.0,49,83,82,trpo,20
0,3480,389.9,80,39.96,5.67,21.88,0.0,-1.0,139049.0,4.0,53,99,56,a2c,50
1,3483,390.01,80,38.4,5.1,20.37,0.0,-1.0,133744.0,0.0,60,113,63,a2c,50
2,3473,389.62,80,36.78,4.24,18.78,0.0,-1.0,127742.0,3.0,70,112,72,a2c,50
0,3520,389.87,130,30.12,1.51,18.98,0.0,-1.0,106035.0,0.0,70,143,112,a2c,5
1,3478,390.27,130,30.88,1.81,19.77,0.0,-1.0,107402.0,0.0,69,109,113,a2c,5
2,3602,389.53,130,30.75,1.64,19.62,0.0,-1.0,110752.0,0.0,65,152,120,a2c,5
0,3408,389.73,30,69.01,11.5,23.3,0.0,-1.0,235181.0,0.0,68,353,4,dqn,0
1,3494,389.66,30,68.55,10.58,22.65,0.0,-1.0,239522.0,0.0,82,345,6,dqn,0
2,3443,389.85,30,69.2,10.57,23.26,0.0,-1.0,238258.0,0.0,75,350,4,dqn,0
3,3490,389.77,30,69.06,10.62,23.21,0.0,-1.0,241004.0,10.0,65,358,4,dqn,0
0,3507,390.4,50,50.77,6.31,22.17,0.0,-1.0,178058.0,4.0,26,69,13,trpo,5
1,3449,389.93,50,50.47,6.18,21.94,0.0,-1.0,174081.0,2.0,26,63,6,trpo,5
2,3490,389.98,50,50.33,6.08,21.81,0.0,-1.0,175652.0,0.0,27,73,14,trpo,5
3,3478,390.28,50,50.31,6.25,21.52,0.0,-1.0,174974.0,0.0,11,42,11,trpo,5
0,3559,390.44,100,63.31,11.46,48.66,1.22,-1.0,225325.0,4353.0,1,5,1,trpo,50
1,3505,390.02,100,49.53,7.77,34.89,0.04,-1.0,173601.0,128.0,0,2,1,trpo,50
2,3425,390.02,100,48.72,7.91,34.07,0.02,-1.0,166858.0,57.0,0,0,1,trpo,50
0,3463,389.68,130,30.1,1.92,19.02,0.0,-1.0,104232.0,0.0,66,155,166,ppo,0
1,3542,389.42,130,30.18,1.85,19.13,0.0,-1.0,106901.0,0.0,78,168,196,ppo,0
2,3625,389.4,130,31.56,2.31,20.52,0.0,-1.0,114397.0,2.0,87,168,176,ppo,0
3,3483,389.9,130,31.11,2.25,20.09,0.0,-1.0,108364.0,1.0,75,178,200,ppo,0
0,3460,389.91,80,36.25,3.54,18.26,0.0,-1.0,125437.0,0.0,45,78,73,trpo,1
1,3445,389.75,80,34.17,2.72,16.24,0.0,-1.0,117730.0,0.0,50,87,74,trpo,1
2,3499,389.69,80,37.44,3.92,19.44,0.0,-1.0,131008.0,1.0,47,63,51,trpo,1
3,3536,389.76,80,34.47,2.75,16.52,0.0,-1.0,121903.0,1.0,43,97,55,trpo,1
0,3483,389.59,80,44.79,5.99,26.92,0.0,-1.0,156016.0,3.0,58,100,108,ppo,10
1,3429,389.75,80,46.77,6.63,28.78,0.0,-1.0,160380.0,1.0,59,90,94,ppo,10
2,3545,390.01,80,45.55,6.27,27.67,0.01,-1.0,161491.0,20.0,60,124,99,ppo,10
0,3476,389.92,130,32.38,2.63,21.27,0.0,-1.0,112542.0,0.0,57,148,134,ppo,1
1,3463,389.85,130,31.05,2.12,19.95,0.0,-1.0,107546.0,0.0,68,127,127,ppo,1
2,3514,389.52,130,30.78,1.96,19.69,0.0,-1.0,108169.0,7.0,62,146,139,ppo,1
3,3430,390.35,130,31.05,2.03,19.97,0.0,-1.0,106503.0,0.0,58,146,134,ppo,1
0,3387,390.54,30,93.0,13.34,45.78,0.64,-1.0,314997.0,2157.0,29,75,0,trpo,50
1,3451,393.85,30,140.75,21.31,92.84,176.8,-1.0,485730.0,610134.0,9,19,0,trpo,50
2,3471,390.46,30,95.43,14.44,48.03,0.73,-1.0,331253.0,2550.0,33,58,0,trpo,50
0,3483,390.27,100,49.83,8.11,35.15,0.03,-1.0,173549.0,120.0,0,0,0,trpo,100
1,3441,390.0,100,48.98,7.8,34.31,0.13,-1.0,168545.0,440.0,0,0,1,trpo,100
2,3415,390.29,100,46.93,7.4,32.28,0.0,-1.0,160260.0,6.0,0,0,3,trpo,100
0,3470,390.16,80,31.08,1.41,13.24,0.0,-1.0,107836.0,0.0,79,163,116,a2c,5
1,3421,390.12,80,30.75,1.31,12.87,0.0,-1.0,105190.0,0.0,65,171,133,a2c,5
2,3482,389.96,80,31.26,1.51,13.41,0.0,-1.0,108852.0,0.0,75,170,130,a2c,5
0,3432,389.72,30,68.18,6.78,22.09,0.0,-1.0,233988.0,0.0,75,254,2,dqn,10
1,3544,389.08,30,68.99,6.72,22.92,0.0,-1.0,244508.0,12.0,79,299,2,dqn,10
2,3432,390.02,30,68.86,7.15,22.5,0.05,-1.0,236328.0,163.0,63,255,4,dqn,10
0,3510,390.09,50,48.64,5.62,20.03,0.02,-1.0,170719.0,72.0,40,79,12,a2c,50
1,3516,389.75,50,49.99,5.87,21.43,0.27,-1.0,175768.0,961.0,48,74,20,a2c,50
2,3477,389.67,50,53.63,8.29,25.07,3.54,-1.0,186490.0,12305.0,34,90,16,a2c,50
0,3415,389.99,100,29.95,1.74,15.67,0.0,-1.0,102269.0,0.0,75,160,161,ppo,0
1,3525,389.53,100,30.8,2.02,16.54,0.0,-1.0,108560.0,11.0,80,183,189,ppo,0
2,3516,390.03,100,29.99,1.73,15.71,0.0,-1.0,105456.0,3.0,74,173,171,ppo,0
3,3385,390.53,100,29.98,1.7,15.67,0.0,-1.0,101479.0,0.0,62,163,169,ppo,0
0,3502,389.82,80,36.07,3.33,18.11,0.0,-1.0,126332.0,0.0,53,69,48,trpo,5
1,3479,389.71,80,36.04,3.31,17.99,0.0,-1.0,125378.0,0.0,49,76,57,trpo,5
2,3608,389.6,80,37.06,3.86,19.12,0.0,-1.0,133727.0,0.0,57,65,55,trpo,5
0,3488,390.27,130,52.43,8.1,41.16,0.15,-1.0,182887.0,515.0,31,50,31,trpo,50
1,3494,390.05,130,46.6,6.78,35.34,0.0,-1.0,162815.0,0.0,46,54,40,trpo,50
2,3376,390.48,130,48.12,7.25,36.82,0.13,-1.0,162449.0,428.0,25,43,35,trpo,50
0,3464,389.97,80,43.72,5.75,25.7,0.03,-1.0,151443.0,116.0,55,90,90,ppo,20
1,3405,390.17,80,41.86,5.01,23.82,0.0,-1.0,142530.0,8.0,30,97,78,ppo,20
2,3531,389.72,80,45.4,5.84,27.4,0.0,-1.0,160314.0,12.0,56,87,76,ppo,20
0,3517,389.66,100,31.42,2.02,17.06,0.0,-1.0,110506.0,0.0,68,147,170,ppo,1
1,3484,389.58,100,30.76,1.83,16.43,0.0,-1.0,107178.0,0.0,77,148,150,ppo,1
2,3456,389.97,100,31.32,2.06,16.95,0.0,-1.0,108253.0,0.0,58,127,139,ppo,1
3,3493,389.48,100,31.77,2.15,17.43,0.0,-1.0,110974.0,0.0,52,144,167,ppo,1
0,3469,390.16,30,76.49,10.49,30.01,0.17,-1.0,265344.0,592.0,67,253,2,dqn,20
1,3517,390.08,30,73.31,9.39,26.91,0.0,-1.0,257842.0,3.0,69,227,1,dqn,20
2,3467,389.67,30,76.11,9.94,29.63,0.0,-1.0,263891.0,3.0,56,213,0,dqn,20
0,3474,389.64,80,31.11,1.35,13.28,0.0,-1.0,108071.0,0.0,69,168,134,a2c,1
1,3501,389.93,80,30.8,1.22,12.91,0.0,-1.0,107843.0,0.0,71,184,118,a2c,1
2,3452,389.98,80,30.82,1.17,12.93,0.0,-1.0,106399.0,3.0,71,152,133,a2c,1
3,3519,389.63,80,31.26,1.41,13.42,0.0,-1.0,110008.0,0.0,76,181,113,a2c,1
0,3499,390.26,130,56.57,10.26,45.27,1.32,-1.0,197955.0,4607.0,10,24,12,trpo,100
1,3457,389.98,130,56.08,9.21,44.79,0.51,-1.0,193876.0,1780.0,19,18,13,trpo,100
2,3558,390.02,130,51.03,8.32,39.73,0.11,-1.0,181576.0,389.0,29,17,16,trpo,100
0,3462,389.93,30,74.33,7.05,28.39,0.0,-1.0,257342.0,14.0,85,348,1,ppo,0
1,3515,389.9,30,74.64,7.17,28.87,0.0,-1.0,262379.0,17.0,73,369,2,ppo,0
2,3443,390.06,30,73.97,7.08,28.05,0.01,-1.0,254681.0,26.0,94,314,2,ppo,0
3,3550,389.98,30,75.56,7.15,29.73,0.0,-1.0,268230.0,15.0,70,358,2,ppo,0
0,3511,389.43,50,70.34,16.77,41.88,3.77,-1.0,246968.0,13225.0,44,91,19,dqn,100
1,3467,389.4,50,67.08,16.01,38.65,3.4,-1.0,232581.0,11791.0,36,97,24,dqn,100
2,3500,389.62,50,66.63,16.23,38.32,7.33,-1.0,233197.0,25638.0,60,100,22,dqn,100
0,3465,390.17,100,32.9,2.55,18.41,0.0,-1.0,113993.0,1.0,57,129,140,ppo,5
1,3460,390.21,100,31.97,2.2,17.57,0.0,-1.0,110610.0,0.0,61,125,120,ppo,5
2,3436,389.98,100,32.15,2.28,17.73,0.0,-1.0,110453.0,8.0,62,128,111,ppo,5
0,3440,392.15,30,111.44,15.51,64.08,26.89,-1.0,383354.0,92510.0,26,103,0,trpo,20
1,3507,390.38,30,88.24,11.13,41.22,0.37,-1.0,309454.0,1300.0,42,164,0,trpo,20
2,3508,389.81,30,84.33,10.25,37.83,0.1,-1.0,295842.0,363.0,49,211,0,trpo,20
0,3516,389.97,100,38.66,4.43,24.09,0.0,-1.0,135931.0,0.0,40,55,35,a2c,50
1,3479,389.82,100,36.85,3.73,22.27,0.0,-1.0,128218.0,0.0,35,44,45,a2c,50
2,3555,389.9,100,39.69,4.64,25.09,0.04,-1.0,141104.0,153.0,32,43,41,a2c,50
0,3455,390.1,100,39.09,4.79,24.49,0.0,-1.0,135044.0,1.0,17,32,23,ppo,100
1,3480,389.83,100,38.94,4.73,24.34,0.0,-1.0,135505.0,0.0,24,38,35,ppo,100
2,3446,390.3,100,39.59,5.02,24.98,0.0,-1.0,136417.0,0.0,23,40,24,ppo,100
0,3423,390.25,100,34.27,2.9,19.79,0.0,-1.0,117295.0,0.0,46,81,83,ppo,20
1,3549,389.8,100,35.77,3.4,21.24,0.0,-1.0,126953.0,9.0,39,84,54,ppo,20
2,3502,389.67,100,35.19,3.19,20.69,0.0,-1.0,123225.0,3.0,43,89,56,ppo,20
0,3478,389.92,50,42.69,2.81,14.49,0.0,-1.0,148468.0,0.0,71,140,48,a2c,10
1,3517,390.1,50,42.82,2.95,14.55,0.0,-1.0,150612.0,1.0,64,159,48,a2c,10
2,3499,389.9,50,42.57,2.81,14.32,0.0,-1.0,148948.0,0.0,73,135,44,a2c,10
0,3434,389.39,80,30.66,1.16,12.87,0.0,-1.0,105307.0,1.0,82,169,121,a2c,0
1,3422,390.19,80,30.66,1.12,12.74,0.0,-1.0,104910.0,4.0,57,154,106,a2c,0
2,3544,389.72,80,31.16,1.29,13.31,0.0,-1.0,110423.0,1.0,74,205,118,a2c,0
3,3435,389.94,80,30.93,1.26,13.06,0.0,-1.0,106231.0,5.0,61,182,119,a2c,0
0,3386,390.17,30,74.78,7.31,28.4,0.01,-1.0,253212.0,25.0,65,253,1,ppo,1
1,3587,389.76,30,76.91,7.32,30.59,0.03,-1.0,275887.0,115.0,57,303,1,ppo,1
2,3493,390.3,30,75.56,7.43,29.22,0.01,-1.0,263915.0,20.0,63,285,1,ppo,1
3,3458,390.22,30,76.27,7.72,29.99,0.04,-1.0,263734.0,134.0,66,295,3,ppo,1
0,3508,390.8,30,97.89,15.98,50.81,19.15,-1.0,343418.0,67183.0,35,137,0,dqn,50
1,3611,390.87,30,99.3,16.46,52.22,8.27,-1.0,358586.0,29848.0,31,131,0,dqn,50
2,3436,390.22,30,89.21,14.46,42.37,1.82,-1.0,306531.0,6264.0,48,136,0,dqn,50
0,3451,390.23,30,83.53,9.93,36.92,0.31,-1.0,288249.0,1077.0,61,201,0,trpo,10
1,3468,390.59,30,91.61,11.75,45.0,1.42,-1.0,317709.0,4935.0,64,191,2,trpo,10
2,3503,390.14,30,84.47,9.9,38.26,0.13,-1.0,295906.0,458.0,71,236,3,trpo,10
0,3440,390.06,130,31.71,2.19,20.55,0.0,-1.0,109088.0,0.0,44,124,109,ppo,5
1,3511,389.81,130,33.45,2.71,22.3,0.0,-1.0,117428.0,0.0,55,131,150,ppo,5
2,3482,389.84,130,32.83,2.65,21.68,0.0,-1.0,114309.0,0.0,53,118,125,ppo,5
0,3474,392.07,30,118.44,19.43,70.7,46.7,-1.0,411453.0,162229.0,11,19,0,ppo,100
1,3464,391.96,30,117.73,19.89,70.01,21.92,-1.0,407835.0,75937.0,8,11,0,ppo,100
2,3453,392.13,30,123.92,21.23,75.99,60.46,-1.0,427879.0,208759.0,12,27,0,ppo,100
0,3473,389.88,80,34.37,2.83,16.39,0.0,-1.0,119353.0,7.0,49,70,68,trpo,0
1,3497,389.51,80,34.99,3.03,16.99,0.0,-1.0,122348.0,0.0,41,89,60,trpo,0
2,3548,389.66,80,35.57,3.23,17.56,0.0,-1.0,126218.0,5.0,39,82,55,trpo,0
3,3395,390.23,80,36.36,3.62,18.3,0.0,-1.0,123450.0,5.0,39,64,53,trpo,0
0,3409,390.42,80,44.47,6.12,26.3,0.0,-1.0,151606.0,1.0,25,38,41,ppo,50
1,3484,390.27,80,48.18,7.07,30.09,0.01,-1.0,167850.0,37.0,39,65,59,ppo,50
2,3488,390.05,80,49.44,7.36,31.32,0.01,-1.0,172457.0,44.0,19,59,29,ppo,50
0,3523,390.09,130,54.46,8.24,43.15,1.64,-1.0,191851.0,5789.0,17,25,16,ppo,100
1,3302,390.51,130,41.28,5.23,30.02,0.0,-1.0,136305.0,0.0,14,35,26,ppo,100
2,3518,390.99,130,61.39,9.33,50.04,16.03,-1.0,215957.0,56389.0,17,17,11,ppo,100
0,3452,390.31,130,48.79,6.85,37.51,0.2,-1.0,168435.0,701.0,31,49,48,ppo,20
1,3504,390.37,130,55.94,7.81,44.69,1.85,-1.0,196010.0,6485.0,34,38,36,ppo,20
2,3509,389.92,130,41.42,5.17,30.18,0.0,-1.0,145362.0,5.0,32,50,49,ppo,20
0,3483,389.91,130,37.97,4.09,26.7,0.0,-1.0,132234.0,0.0,19,54,44,a2c,50
1,3513,389.45,130,41.0,5.21,29.73,0.0,-1.0,144035.0,0.0,33,34,34,a2c,50
2,3505,390.02,130,38.48,4.37,27.23,0.0,-1.0,134855.0,0.0,33,51,41,a2c,50
0,3485,390.35,50,44.62,3.72,16.22,0.0,-1.0,155486.0,0.0,64,97,29,a2c,20
1,3580,389.78,50,47.37,4.84,19.02,0.01,-1.0,169581.0,18.0,60,110,40,a2c,20
2,3531,389.52,50,45.47,4.02,17.2,0.01,-1.0,160553.0,45.0,74,121,40,a2c,20
0,3475,389.77,30,76.53,7.84,30.18,0.04,-1.0,265950.0,149.0,47,248,1,ppo,5
1,3441,389.98,30,76.66,7.66,29.89,0.25,-1.0,263789.0,865.0,48,216,1,ppo,5
2,3509,390.23,30,77.65,8.02,31.21,0.01,-1.0,272482.0,31.0,60,217,2,ppo,5
3,3475,389.93,30,76.28,7.72,29.91,0.0,-1.0,265069.0,17.0,52,255,1,ppo,5
