step,system_total_stopped,system_total_waiting_time,system_mean_waiting_time,system_mean_speed,J1_stopped,J1_accumulated_waiting_time,J1_average_speed,agents_total_stopped,agents_total_accumulated_waiting_time,TimeLimit.truncated,episode,terminal_observation
0.0,0,0.0,0.0,0.0,0,0.0,1.0,0,0.0,,,
5.0,0,0.0,0.0,0.0,0,0.0,1.0,0,0.0,False,,
10.0,1,1.0,0.25,2.014994281972147,1,1.0,0.1336009094137962,1,1.0,False,,
15.0,0,0.0,0.0,6.345397783697128,0,1.0,0.4346043025778063,0,1.0,False,,
20.0,0,0.0,0.0,11.621596056113505,0,1.0,0.8006577391324066,0,1.0,False,,
25.0,1,0.0,0.0,9.06281712007196,1,1.0,0.6291286802711529,1,1.0,False,,
30.0,1,4.0,0.5,8.82026723486247,1,4.0,0.6561773891136197,1,4.0,False,,
35.0,3,9.0,0.8181818181818182,6.695150550899121,3,9.0,0.32051043870714224,3,9.0,False,,
40.0,3,22.0,1.6923076923076923,7.418820635658961,3,22.0,0.3659751553003092,3,22.0,False,,
45.0,0,0.0,0.0,9.332576949989088,0,15.0,0.656881074520325,0,15.0,False,,
50.0,0,0.0,0.0,10.081292986295505,0,0.0,0.6283492007085688,0,0.0,False,,
55.0,0,0.0,0.0,10.231672357552375,0,0.0,0.6320574720678491,0,0.0,False,,
60.0,0,0.0,0.0,8.279106401180023,0,0.0,0.4398916686835511,0,0.0,False,,
65.0,1,5.0,0.5,9.143612313984825,1,5.0,0.47122684903210244,1,5.0,False,,
70.0,3,13.0,1.3,7.430203237819631,3,13.0,0.20571120182469782,3,13.0,False,,
75.0,0,0.0,0.0,9.182527349736922,0,6.0,0.5325722237409992,0,6.0,False,,
80.0,0,0.0,0.0,12.001795300859149,0,0.0,0.7791746515747118,0,0.0,False,,
85.0,0,0.0,0.0,11.619074337757555,0,0.0,0.7591057011558735,0,0.0,False,,
90.0,0,0.0,0.0,11.182095365726624,0,0.0,0.6536452692439834,0,0.0,False,,
95.0,0,0.0,0.0,8.521208082306398,0,0.0,0.4775705857752732,0,0.0,False,,
100.0,2,1.0,0.1111111111111111,8.521039297333248,2,1.0,0.5286478827690508,2,1.0,False,,
105.0,2,0.0,0.0,8.662232401744866,2,0.0,0.5502121881319403,2,0.0,False,,
110.0,0,0.0,0.0,10.38353777409028,0,0.0,0.6232330268315365,0,0.0,False,,
115.0,0,0.0,0.0,9.641909003625964,0,0.0,0.586856107827187,0,0.0,False,,
120.0,3,9.0,0.6428571428571429,9.222907299835734,3,9.0,0.5665293983559712,3,9.0,False,,
125.0,1,1.0,0.058823529411764705,7.560352749967031,1,8.0,0.4246640530655024,1,8.0,False,,
130.0,2,6.0,0.35294117647058826,9.309159310994136,2,6.0,0.5748543900861703,2,6.0,False,,
135.0,3,6.0,0.3333333333333333,9.45458034978215,2,5.0,0.6358277974632055,2,5.0,False,,
140.0,2,15.0,0.8823529411764706,9.030513266324611,2,15.0,0.5585432338179562,2,15.0,False,,
145.0,2,2.0,0.125,7.706512029960955,2,15.0,0.41972060669693934,2,15.0,False,,
150.0,3,14.0,0.7777777777777778,8.437201341735005,3,14.0,0.40091901020818993,3,14.0,False,,
155.0,2,2.0,0.11764705882352941,9.443557440589458,2,16.0,0.5640793294544519,2,16.0,False,,
160.0,1,7.0,0.4666666666666667,11.443121190496141,1,7.0,0.7795635817080145,1,7.0,False,,
165.0,1,0.0,0.0,9.628251275592847,1,0.0,0.511335784985981,1,0.0,False,,
170.0,2,1.0,0.08333333333333333,8.842146732472346,2,1.0,0.34459386940798153,2,1.0,False,,
175.0,0,0.0,0.0,8.152044033800372,0,2.0,0.41232170364331894,0,2.0,False,,
180.0,1,5.0,0.3333333333333333,10.125756690382083,1,5.0,0.6275372658860622,1,5.0,False,,
185.0,1,0.0,0.0,9.448839943196353,1,0.0,0.6754517777907768,1,0.0,False,,
190.0,1,0.0,0.0,11.097373095838094,1,0.0,0.7954806788879063,1,0.0,False,,
195.0,1,2.0,0.14285714285714285,9.340298271406324,1,2.0,0.7090476103828737,1,2.0,False,,
200.0,1,7.0,0.4375,10.770104252618507,1,7.0,0.6614546110617452,1,7.0,False,,
205.0,0,0.0,0.0,11.129384991440615,0,0.0,0.8871254845375486,0,0.0,False,,
210.0,0,0.0,0.0,10.924410814628953,0,0.0,0.6610859168641234,0,0.0,False,,
215.0,0,0.0,0.0,10.526262718841155,0,0.0,0.6866390527679445,0,0.0,False,,
220.0,1,0.0,0.0,9.257210936916447,1,0.0,0.5692576095641788,1,0.0,False,,
225.0,0,0.0,0.0,11.801917265793094,0,0.0,0.9173628633162055,0,0.0,False,,
230.0,0,0.0,0.0,10.829720061521574,0,0.0,0.8182669110055893,0,0.0,False,,
235.0,1,2.0,0.2,9.222691634885575,1,2.0,0.633366890194888,1,2.0,False,,
240.0,0,0.0,0.0,8.36989879454722,0,0.0,0.5911250888049194,0,0.0,False,,
245.0,1,4.0,0.4444444444444444,10.16313861959194,1,4.0,0.6784480026002604,1,4.0,False,,
250.0,1,0.0,0.0,8.462816748178353,1,0.0,0.504306578577449,1,0.0,False,,
255.0,0,0.0,0.0,8.270363762716807,0,0.0,0.34099355609016113,0,0.0,False,,
260.0,3,7.0,0.7,7.678437935851112,3,7.0,0.442997357636774,3,7.0,False,,
265.0,1,0.0,0.0,9.54126266843032,1,6.0,0.6911421797334258,1,6.0,False,,
270.0,0,0.0,0.0,8.68964744670066,0,0.0,0.5708934106931781,0,0.0,False,,
275.0,0,0.0,0.0,9.64327713219381,0,0.0,0.6603237325815768,0,0.0,False,,
280.0,1,4.0,0.2857142857142857,8.8188699244144,1,5.0,0.49322220776891473,1,5.0,False,,
285.0,2,13.0,1.1818181818181819,8.006924079514706,2,14.0,0.49249566072625023,2,14.0,False,,
290.0,4,33.0,2.75,7.7000456132567505,4,34.0,0.4292089463010488,4,34.0,False,,
295.0,1,0.0,0.0,6.35948368050523,1,22.0,0.43338183435441413,1,22.0,False,,
300.0,0,0.0,0.0,9.94563541030949,0,0.0,0.6670004842451235,0,0.0,False,,
305.0,1,1.0,0.058823529411764705,9.790192554789689,1,1.0,0.5715793407436676,1,1.0,False,,
310.0,1,6.0,0.35294117647058826,9.695903802364237,1,6.0,0.6058472337677372,1,6.0,False,,
315.0,2,11.0,0.6875,9.232446445346767,2,11.0,0.5940860788863317,2,11.0,False,,
320.0,2,18.0,1.0588235294117647,6.06697903201799,2,18.0,0.36787390353308635,2,18.0,False,,
325.0,5,37.0,2.176470588235294,7.2493322411701495,5,37.0,0.44469348037287937,5,37.0,False,,
330.0,8,70.0,4.375,6.059906800928289,8,70.0,0.3658736584511289,8,70.0,False,,
335.0,3,29.0,1.7058823529411764,5.244822907553606,3,56.0,0.30083781547340627,3,56.0,False,,
340.0,0,0.0,0.0,8.010759624579261,0,21.0,0.45717664109512696,0,21.0,False,,
345.0,1,2.0,0.125,8.668741777443724,1,23.0,0.3718993269833832,1,23.0,False,,
350.0,2,11.0,0.6875,8.677887524896956,2,32.0,0.45183713491172284,2,32.0,False,,
355.0,0,0.0,0.0,8.279259096528264,0,17.0,0.5545455632877441,0,17.0,False,,
360.0,1,5.0,0.4166666666666667,9.296778385755585,1,5.0,0.610019189225472,1,5.0,False,,
365.0,1,1.0,0.08333333333333333,7.770571926186992,0,0.0,0.38278423069928263,0,0.0,False,,
370.0,1,5.0,0.5555555555555556,9.642989570668016,1,5.0,0.5897476677399783,1,5.0,False,,
375.0,1,1.0,0.09090909090909091,8.717697096040471,1,1.0,0.5513049020382889,1,1.0,False,,
380.0,2,6.0,0.46153846153846156,9.619147964573774,2,6.0,0.6220901611125585,2,6.0,False,,
385.0,0,0.0,0.0,10.308348058553031,0,0.0,0.7142270429383333,0,0.0,False,,
390.0,0,0.0,0.0,11.189873952507613,0,0.0,0.7599178343265269,0,0.0,False,,
395.0,1,1.0,0.09090909090909091,10.16587200178593,1,1.0,0.6990914232793697,1,1.0,False,,
400.0,1,6.0,0.5454545454545454,5.436817237191239,1,6.0,0.11073298349483827,1,6.0,False,,
405.0,1,1.0,0.09090909090909091,7.101229302182849,1,7.0,0.32080732925211125,1,7.0,False,,
410.0,1,0.0,0.0,10.618384673176188,1,1.0,0.6684793451277811,1,1.0,False,,
415.0,0,0.0,0.0,11.225851588183604,0,0.0,0.7950062736465385,0,0.0,False,,
420.0,0,0.0,0.0,10.782914919843764,0,0.0,0.9601884862266769,0,0.0,False,,
425.0,0,0.0,0.0,11.225270415046865,0,0.0,0.7869878640719716,0,0.0,False,,
430.0,1,3.0,0.42857142857142855,9.453944837108681,1,3.0,0.5264310152030495,1,3.0,False,,
435.0,1,1.0,0.14285714285714285,5.42964789013385,1,2.0,0.2739343406019178,1,2.0,False,,
440.0,1,6.0,1.0,9.879193865888034,1,6.0,0.6471992767536647,1,6.0,False,,
445.0,0,0.0,0.0,10.094172673600768,0,0.0,0.9229446352669497,0,0.0,False,,
450.0,0,0.0,0.0,9.912111048691775,0,0.0,0.5262084901513978,0,0.0,False,,
455.0,1,1.0,0.1111111111111111,7.2722599449019345,1,1.0,0.31276457927342516,1,1.0,False,,
460.0,0,0.0,0.0,11.870506188765331,0,0.0,0.905227110551196,0,0.0,False,,
465.0,0,0.0,0.0,12.515992551262125,0,0.0,0.8763905930999352,0,0.0,False,,
470.0,0,0.0,0.0,10.566186314053702,0,0.0,0.7283267011006052,0,0.0,False,,
475.0,1,1.0,0.1111111111111111,10.704696932642538,1,1.0,0.6582840389607829,1,1.0,False,,
480.0,1,0.0,0.0,10.539407995660202,1,0.0,0.6813771855443586,1,0.0,False,,
485.0,0,0.0,0.0,9.345292287668812,0,0.0,0.5941521216577953,0,0.0,False,,
490.0,0,0.0,0.0,10.718081545532074,0,0.0,0.7470493126300687,0,0.0,False,,
495.0,1,3.0,0.2727272727272727,8.397086963703792,1,3.0,0.41532328116917483,1,3.0,False,,
500.0,1,1.0,0.09090909090909091,7.652871030455361,0,0.0,0.4996226346656946,0,0.0,False,,
505.0,2,4.0,0.4,9.740831211815765,2,4.0,0.6193806951321226,2,4.0,False,,
510.0,0,0.0,0.0,10.287151159803365,0,0.0,0.6209763016758069,0,0.0,False,,
515.0,2,3.0,0.2727272727272727,8.836371056073661,2,3.0,0.42854091694290036,2,3.0,False,,
520.0,0,0.0,0.0,9.702095491936985,0,5.0,0.6827963808217569,0,5.0,False,,
525.0,1,0.0,0.0,9.03790942038516,1,0.0,0.4581902675610808,1,0.0,False,,
530.0,2,5.0,0.5555555555555556,9.966571121365487,2,5.0,0.5167221395281125,2,5.0,False,,
535.0,1,0.0,0.0,8.108988443892416,1,4.0,0.42631197634170626,1,4.0,False,,
540.0,0,0.0,0.0,11.157756611161677,0,0.0,0.7329883305223123,0,0.0,False,,
545.0,0,0.0,0.0,11.742452733595409,0,0.0,0.9616033245001363,0,0.0,False,,
550.0,0,0.0,0.0,8.896359006373013,0,0.0,0.3532249062246547,0,0.0,False,,
555.0,1,2.0,0.2,6.9350877277835625,1,2.0,0.32200078177510943,1,2.0,False,,
560.0,2,10.0,1.25,9.500184738750285,2,10.0,0.6398871325696386,2,10.0,False,,
565.0,1,12.0,1.7142857142857142,8.934950702932673,1,12.0,0.6669397124950852,1,12.0,False,,
570.0,3,22.0,3.142857142857143,7.11973383998012,3,22.0,0.37052068639784946,3,22.0,False,,
575.0,0,0.0,0.0,7.372893039994464,0,12.0,0.12802154883106734,0,12.0,False,,
580.0,1,5.0,0.5555555555555556,9.495875249153178,1,5.0,0.1401905003759271,1,5.0,False,,
585.0,0,0.0,0.0,11.783792857761918,0,0.0,0.8783926998052274,0,0.0,False,,
590.0,0,0.0,0.0,12.485244060555921,0,0.0,0.968188712696926,0,0.0,False,,
595.0,0,0.0,0.0,9.07707199207445,0,0.0,0.6360129220634865,0,0.0,False,,
600.0,0,0.0,0.0,12.022537637899907,0,0.0,0.868228609146055,0,0.0,False,,
605.0,0,0.0,0.0,12.35525119409314,0,0.0,0.9607097186012739,0,0.0,False,,
610.0,0,0.0,0.0,12.293333722973705,0,0.0,0.9278051888642742,0,0.0,False,,
615.0,1,1.0,0.25,6.584597015034163,1,1.0,0.0993525876606292,1,1.0,False,,
620.0,0,0.0,0.0,9.746643199540381,0,0.0,0.7504627565995579,0,0.0,False,,
625.0,0,0.0,0.0,13.662625226818859,0,0.0,0.9683206031420367,0,0.0,False,,
630.0,0,0.0,0.0,9.775010890322474,0,0.0,0.5468818170388194,0,0.0,False,,
635.0,1,0.0,0.0,9.355710167551937,1,0.0,0.5339078100176564,1,0.0,False,,
640.0,1,0.0,0.0,8.087961713663884,1,0.0,0.48264553606295324,1,0.0,False,,
645.0,0,0.0,0.0,8.324031144971094,0,0.0,0.5355413188869149,0,0.0,False,,
650.0,2,0.0,0.0,9.68883934502106,2,0.0,0.6487052472976086,2,0.0,False,,
655.0,1,1.0,0.1,10.100881360637798,1,1.0,0.649041027408629,1,1.0,False,,
660.0,3,10.0,1.1111111111111112,5.509633211012673,3,10.0,0.2896504635360484,3,10.0,False,,
665.0,1,1.0,0.125,5.769338780726893,1,10.0,0.38679579150758686,1,10.0,False,,
670.0,1,2.0,0.2222222222222222,7.698114411603992,1,3.0,0.12516719159342826,1,3.0,False,,
675.0,1,7.0,0.6363636363636364,9.906023996402034,1,7.0,0.43257868546055345,1,7.0,False,,
680.0,1,12.0,1.0,10.052912707950014,1,12.0,0.5896977941555369,1,12.0,False,,
685.0,1,17.0,1.4166666666666667,7.793252647427283,1,17.0,0.5074086432329493,1,17.0,False,,
690.0,0,0.0,0.0,6.651105212232939,0,0.0,0.527677940976805,0,0.0,False,,
695.0,1,1.0,0.06666666666666667,8.942062213409274,0,0.0,0.697673510657996,0,0.0,False,,
700.0,1,1.0,0.0625,9.804324344469936,1,1.0,0.659854600397442,1,1.0,False,,
705.0,4,13.0,0.8666666666666667,7.432911480491444,4,13.0,0.3795898068210784,4,13.0,False,,
710.0,2,5.0,0.3333333333333333,5.630006694034629,2,18.0,0.24041865949293734,2,18.0,False,,
715.0,3,6.0,0.4,6.754852331080999,3,17.0,0.3096820197585644,3,17.0,False,,
720.0,1,1.0,0.06666666666666667,7.141840722357741,1,17.0,0.28801585341899355,1,17.0,False,,
725.0,5,14.0,0.7777777777777778,7.697146913929631,5,25.0,0.3356889709208245,5,25.0,False,,
730.0,3,6.0,0.35294117647058826,6.810958269550874,3,29.0,0.4272198253809808,3,29.0,False,,
735.0,1,6.0,0.3157894736842105,8.716951521935846,1,14.0,0.6043040262900141,1,14.0,False,,
740.0,2,14.0,0.875,10.38882649946909,2,14.0,0.720683582685905,2,14.0,False,,
745.0,2,1.0,0.05555555555555555,7.097817156388733,2,8.0,0.3801488819975385,2,8.0,False,,
750.0,1,4.0,0.25,10.320753469909537,1,5.0,0.624413958451567,1,5.0,False,,
755.0,0,0.0,0.0,10.078182746229892,0,0.0,0.5275444707660836,0,0.0,False,,
760.0,1,0.0,0.0,10.479924661805452,1,0.0,0.6150993157090512,1,0.0,False,,
765.0,2,4.0,0.2857142857142857,10.612462584102127,2,4.0,0.6697069342686605,2,4.0,False,,
770.0,3,14.0,1.2727272727272727,8.137490745160965,3,14.0,0.5074501287757591,3,14.0,False,,
775.0,4,16.0,1.0666666666666667,6.161484225339761,4,16.0,0.33913521788286727,4,16.0,False,,
780.0,3,27.0,1.9285714285714286,7.8396152372203,3,27.0,0.4361466168616956,3,27.0,False,,
785.0,3,42.0,2.8,9.894699778447212,3,42.0,0.628601976530065,3,42.0,False,,
790.0,4,58.0,4.142857142857143,7.262495731422027,4,58.0,0.4647225171854885,4,58.0,False,,
795.0,8,85.0,6.538461538461538,3.6794069551199575,8,85.0,0.17434946784338304,8,85.0,False,,
800.0,5,32.0,2.2857142857142856,3.8195357864529567,5,81.0,0.20744336669104335,5,81.0,False,,
805.0,0,0.0,0.0,9.12059279194016,0,27.0,0.5509562069904704,0,27.0,False,,
810.0,1,1.0,0.06666666666666667,10.135447062161676,1,28.0,0.5214304194385521,1,28.0,False,,
815.0,3,12.0,0.75,8.02100322686311,3,39.0,0.2772802618655381,3,39.0,False,,
820.0,2,2.0,0.15384615384615385,7.736837577541442,2,32.0,0.40556570896581473,2,32.0,False,,
825.0,1,1.0,0.09090909090909091,9.735118367514987,1,3.0,0.5582434350212404,1,3.0,False,,
830.0,0,0.0,0.0,11.229010199736384,0,0.0,0.7385397278621574,0,0.0,False,,
835.0,1,3.0,0.25,9.377382687943449,1,3.0,0.45382240540527685,1,3.0,False,,
840.0,2,13.0,1.625,9.29195945245209,2,13.0,0.5506127750496053,2,13.0,False,,
845.0,3,23.0,2.3,6.280161269830304,3,23.0,0.3543366934188439,3,23.0,False,,
850.0,0,0.0,0.0,7.064234039274147,0,17.0,0.47971120447547133,0,17.0,False,,
855.0,0,0.0,0.0,9.82054489132689,0,0.0,0.617965794910876,0,0.0,False,,
860.0,1,4.0,0.3076923076923077,8.32662574188403,1,4.0,0.5660715924899496,1,4.0,False,,
865.0,4,14.0,1.0769230769230769,7.996332638176613,4,14.0,0.5021444067208227,4,14.0,False,,
870.0,1,2.0,0.15384615384615385,7.1753267956736,1,14.0,0.5032561405490137,1,14.0,False,,
875.0,1,2.0,0.14285714285714285,8.207188601979835,1,4.0,0.5332904514763117,1,4.0,False,,
880.0,1,0.0,0.0,9.15438847985093,1,0.0,0.5838753214761907,1,0.0,False,,
885.0,1,5.0,0.3333333333333333,9.63523817417092,1,5.0,0.5703227381241712,1,5.0,False,,
890.0,0,0.0,0.0,9.320215573600347,0,3.0,0.6349509276709134,0,3.0,False,,
895.0,3,6.0,0.5454545454545454,6.426671786261185,3,6.0,0.30426893394352306,3,6.0,False,,
900.0,3,4.0,0.3076923076923077,4.75570893356248,3,15.0,0.25557952386371124,3,15.0,False,,
905.0,1,0.0,0.0,8.13776260095554,1,6.0,0.4593908604947175,1,6.0,False,,
910.0,1,0.0,0.0,11.23809826447384,1,1.0,0.7365515920853344,1,1.0,False,,
915.0,1,0.0,0.0,8.880836948761335,1,1.0,0.4178945335475769,1,1.0,False,,
920.0,2,6.0,0.375,9.656618519919043,2,6.0,0.5809704508484274,2,6.0,False,,
925.0,3,17.0,1.2142857142857142,9.14823966074826,3,17.0,0.5481105281343334,3,17.0,False,,
930.0,0,0.0,0.0,8.163447461737828,0,15.0,0.5623460659864778,0,15.0,False,,
935.0,0,0.0,0.0,10.452883712980558,0,0.0,0.7396688852038168,0,0.0,False,,
940.0,2,5.0,0.38461538461538464,9.610124374745146,2,5.0,0.5681861991957191,2,5.0,False,,
945.0,4,20.0,1.4285714285714286,5.837799242515532,4,20.0,0.2745929676158876,4,20.0,False,,
950.0,0,0.0,0.0,7.259425077511587,0,14.0,0.5249897855897807,0,14.0,False,,
955.0,1,1.0,0.07142857142857142,8.905133249423674,1,1.0,0.5982530620470944,1,1.0,False,,
960.0,1,0.0,0.0,10.846109630283962,1,1.0,0.8000836859499546,1,1.0,False,,
965.0,1,1.0,0.07142857142857142,10.576218449615041,1,2.0,0.7130063603606711,1,2.0,False,,
970.0,0,0.0,0.0,10.496472267066151,0,1.0,0.807854538489414,0,1.0,False,,
975.0,1,1.0,0.1,9.358240683563894,1,1.0,0.5825245370290302,1,1.0,False,,
980.0,2,6.0,0.5454545454545454,8.568489030312884,2,6.0,0.4697746685069796,2,6.0,False,,
985.0,2,11.0,1.0,8.711381796860296,2,11.0,0.45677710056757614,2,11.0,False,,
990.0,0,0.0,0.0,10.255155238786676,0,0.0,0.6902672901252765,0,0.0,False,,
995.0,0,0.0,0.0,10.349705752240597,0,0.0,0.624008152301202,0,0.0,False,,
1000.0,1,4.0,0.3076923076923077,7.987869516762619,1,4.0,0.47343842770315714,1,4.0,False,,
1005.0,3,15.0,1.1538461538461537,8.529390377765607,3,15.0,0.4789901313170255,3,15.0,False,,
1010.0,0,0.0,0.0,9.598560520125151,0,13.0,0.6415534674136782,0,13.0,False,,
1015.0,0,0.0,0.0,10.674151664314989,0,0.0,0.6766355406080174,0,0.0,False,,
1020.0,1,2.0,0.2,8.381110083702758,1,2.0,0.382250514279544,1,2.0,False,,
1025.0,2,12.0,1.0,9.098735747183897,2,12.0,0.3628884813593588,2,12.0,False,,
1030.0,1,0.0,0.0,8.439744528539,1,8.0,0.493726636479818,1,8.0,False,,
1035.0,0,0.0,0.0,12.110775508134433,0,0.0,0.867362813931287,0,0.0,False,,
1040.0,0,0.0,0.0,12.10009496179276,0,0.0,0.8603618574800004,0,0.0,False,,
1045.0,1,0.0,0.0,8.137859405014616,1,0.0,0.4241125485642894,1,0.0,False,,
1050.0,2,9.0,1.125,6.934499119952611,2,9.0,0.37907434083183816,2,9.0,False,,
1055.0,0,0.0,0.0,10.915371845614835,0,7.0,0.7678420808045878,0,7.0,False,,
1060.0,0,0.0,0.0,9.708889964375366,0,0.0,0.6518461317435529,0,0.0,False,,
1065.0,1,0.0,0.0,10.104820814012772,1,0.0,0.6316167542449944,1,0.0,False,,
1070.0,0,0.0,0.0,10.29016710136594,0,0.0,0.7049576954347104,0,0.0,False,,
1075.0,0,0.0,0.0,11.778266066316716,0,0.0,0.8552312694887068,0,0.0,False,,
1080.0,1,1.0,0.125,11.34404203844352,1,1.0,0.7659206655231572,1,1.0,False,,
1085.0,1,1.0,0.1111111111111111,7.485552463389581,1,2.0,0.4405509857607269,1,2.0,False,,
1090.0,1,6.0,0.75,9.166107809332459,1,7.0,0.5259335071918028,1,7.0,False,,
1095.0,2,1.0,0.125,7.248067233296216,1,4.0,0.5469445937588374,1,4.0,False,,
1100.0,0,0.0,0.0,8.806715742324679,0,1.0,0.5756799998409192,0,1.0,False,,
1105.0,2,1.0,0.09090909090909091,8.603347994336815,2,1.0,0.5217982813290643,2,1.0,False,,
1110.0,0,0.0,0.0,11.121448316232929,0,0.0,0.8124274354232667,0,0.0,False,,
1115.0,0,0.0,0.0,11.38182666822537,0,0.0,0.826026773241816,0,0.0,False,,
1120.0,0,0.0,0.0,11.008594402539224,0,0.0,0.8780996703650032,0,0.0,False,,
1125.0,1,2.0,0.2,9.652662463704889,1,2.0,0.5180469258646345,1,2.0,False,,
1130.0,0,0.0,0.0,11.099547713756287,0,0.0,0.641533096304239,0,0.0,False,,
1135.0,2,0.0,0.0,9.835171743725525,2,0.0,0.49690166281570525,2,0.0,False,,
1140.0,0,0.0,0.0,11.96858659679651,0,0.0,0.7878755099642337,0,0.0,False,,
1145.0,0,0.0,0.0,11.05333567919017,0,0.0,0.7128016004808139,0,0.0,False,,
1150.0,1,4.0,1.0,10.103614617382949,1,4.0,0.6365588322627146,1,4.0,False,,
1155.0,2,1.0,0.2,4.8017313651549705,2,1.0,0.0021517006742943576,2,1.0,False,,
1160.0,1,6.0,1.0,9.458863543675758,1,6.0,0.4457215191044391,1,6.0,False,,
1165.0,1,11.0,1.8333333333333333,9.06122893145911,1,11.0,0.5645013679137565,1,11.0,False,,
1170.0,1,16.0,2.6666666666666665,10.422472573295975,1,16.0,0.7026664311006958,1,16.0,False,,
1175.0,1,21.0,5.25,4.759003230228991,1,21.0,0.34093502248108537,1,21.0,False,,
1180.0,3,30.0,4.285714285714286,4.018645613241086,3,30.0,0.1882740810716028,3,30.0,False,,
1185.0,0,0.0,0.0,7.214103602399877,0,7.0,0.5099077182715268,0,7.0,False,,
1190.0,1,0.0,0.0,11.074290214054647,1,0.0,0.7334912674010923,1,0.0,False,,
1195.0,0,0.0,0.0,11.255995236314737,0,0.0,0.7724616984079589,0,0.0,False,,
1200.0,2,4.0,0.36363636363636365,8.220931614983474,2,4.0,0.4301050083792406,2,4.0,False,,
1205.0,4,15.0,1.5,7.812610630585894,4,15.0,0.4835898117839984,4,15.0,False,,
1210.0,0,0.0,0.0,8.060039390893568,0,4.0,0.5872410056447153,0,4.0,False,,
1215.0,0,0.0,0.0,10.520627827716732,0,0.0,0.6250744772533046,0,0.0,False,,
1220.0,1,1.0,0.08333333333333333,10.65331505429635,1,1.0,0.6054116668252428,1,1.0,False,,
1225.0,2,6.0,0.5454545454545454,9.080613786827367,2,6.0,0.4649248915743082,2,6.0,False,,
1230.0,3,19.0,1.7272727272727273,7.513641033382741,3,19.0,0.4383753957223969,3,19.0,False,,
1235.0,0,0.0,0.0,6.351058316957458,0,6.0,0.4909562493376896,0,6.0,False,,
1240.0,1,5.0,0.5,10.112836544704322,1,5.0,0.7246477400962938,1,5.0,False,,
1245.0,1,10.0,0.8333333333333334,8.772479915972605,1,10.0,0.49733040352424324,1,10.0,False,,
1250.0,0,0.0,0.0,8.41325692423414,0,2.0,0.49038577536913935,0,2.0,False,,
1255.0,2,5.0,0.4166666666666667,10.015276973576274,2,5.0,0.596949602202156,2,5.0,False,,
1260.0,1,10.0,0.9090909090909091,9.397195675722385,1,10.0,0.595066105367529,1,10.0,False,,
1265.0,3,19.0,1.7272727272727273,7.196466659450251,3,19.0,0.4851692758989429,3,19.0,False,,
1270.0,2,22.0,2.0,5.353088445448397,2,26.0,0.416972190286264,2,26.0,False,,
1275.0,3,33.0,2.5384615384615383,7.977443386801079,3,33.0,0.5649010931483663,3,33.0,False,,
1280.0,0,0.0,0.0,10.035026170150486,0,15.0,0.7289578037967609,0,15.0,False,,
1285.0,0,0.0,0.0,9.209109329639395,0,0.0,0.5450134195548448,0,0.0,False,,
1290.0,0,0.0,0.0,6.700745156009788,0,0.0,0.20978566011864658,0,0.0,False,,
1295.0,2,3.0,0.21428571428571427,9.6711599114181,2,3.0,0.5496077446797828,2,3.0,False,,
1300.0,0,0.0,0.0,9.33653856414235,0,0.0,0.5787296301681373,0,0.0,False,,
1305.0,0,0.0,0.0,10.476460179133898,0,0.0,0.7059352254873773,0,0.0,False,,
1310.0,1,0.0,0.0,10.488943182190873,1,0.0,0.6759033485368581,1,0.0,False,,
1315.0,0,0.0,0.0,9.694122699590766,0,0.0,0.6702269543635997,0,0.0,False,,
1320.0,1,4.0,0.2857142857142857,9.26206227656043,1,4.0,0.6645154252722644,1,4.0,False,,
1325.0,0,0.0,0.0,9.525333474310267,0,0.0,0.6838122813982004,0,0.0,False,,
1330.0,1,3.0,0.1875,9.627975729292315,1,3.0,0.6492644956291391,1,3.0,False,,
1335.0,1,0.0,0.0,9.977996185044375,1,1.0,0.6411017277897992,1,1.0,False,,
1340.0,1,1.0,0.06666666666666667,10.589079060073425,1,1.0,0.6453343250967054,1,1.0,False,,
1345.0,1,1.0,0.08333333333333333,8.70096146455671,1,1.0,0.5428029183913895,1,1.0,False,,
1350.0,3,10.0,0.7692307692307693,8.938854413331576,3,10.0,0.5400010925886366,3,10.0,False,,
1355.0,1,2.0,0.15384615384615385,7.34278812840145,1,9.0,0.44377038799541135,1,9.0,False,,
1360.0,2,7.0,0.5,8.142214704995096,2,7.0,0.4536151777208277,2,7.0,False,,
1365.0,2,17.0,1.4166666666666667,9.886066680520688,2,17.0,0.6640632454918182,2,17.0,False,,
1370.0,0,0.0,0.0,7.987667496230933,0,8.0,0.5058875438441881,0,8.0,False,,
1375.0,0,0.0,0.0,9.601489004935006,0,0.0,0.5875895221034718,0,0.0,False,,
1380.0,2,5.0,0.4166666666666667,9.181717163815708,2,5.0,0.5241712428679831,2,5.0,False,,
1385.0,2,15.0,1.0714285714285714,9.82517033922422,2,15.0,0.5869849196470096,2,15.0,False,,
1390.0,0,0.0,0.0,10.675343710566189,0,9.0,0.7338229001056015,0,9.0,False,,
1395.0,1,2.0,0.16666666666666666,9.58611197567611,1,2.0,0.5011665397596664,1,2.0,False,,
1400.0,0,0.0,0.0,9.969540747111385,0,2.0,0.5461604141582612,0,2.0,False,,
1405.0,1,0.0,0.0,10.939410529443649,1,0.0,0.7075211025669004,1,0.0,False,,
1410.0,0,0.0,0.0,10.928370250769204,0,0.0,0.6965135200843726,0,0.0,False,,
1415.0,1,4.0,0.3333333333333333,8.436097653470856,1,4.0,0.5024825724623039,1,4.0,False,,
1420.0,1,0.0,0.0,6.611755005087399,1,3.0,0.4112578060468846,1,3.0,False,,
1425.0,2,4.0,0.26666666666666666,7.300538122038446,2,4.0,0.40517764152084224,2,4.0,False,,
1430.0,2,14.0,0.7777777777777778,8.702274989251316,2,14.0,0.5419276592826333,2,14.0,False,,
1435.0,5,26.0,1.3,8.131618249543335,5,26.0,0.5074690694966795,5,26.0,False,,
1440.0,4,40.0,1.9047619047619047,6.9029555892321115,4,42.0,0.4045670992600165,4,42.0,False,,
1445.0,6,66.0,3.142857142857143,6.806881761121872,6,68.0,0.4069661224024768,6,68.0,False,,
1450.0,6,88.0,4.0,6.028714117977685,6,91.0,0.3533701028519776,6,91.0,False,,
1455.0,8,117.0,5.318181818181818,5.356108468632521,8,119.0,0.20758626289760984,8,119.0,False,,
1460.0,9,158.0,7.181818181818182,5.347557209516193,9,159.0,0.2612097726254447,9,159.0,False,,
1465.0,10,205.0,9.761904761904763,6.529752269491688,10,206.0,0.34461099476311186,10,206.0,False,,
1470.0,11,255.0,11.08695652173913,4.672942339686585,11,256.0,0.20928102512412494,11,256.0,False,,
1475.0,6,148.0,7.0476190476190474,4.379561584392049,6,241.0,0.23576451402397686,6,241.0,False,,
1480.0,3,27.0,1.35,7.319754637594405,3,168.0,0.3698044603481521,3,168.0,False,,
1485.0,2,3.0,0.13636363636363635,7.281403170251392,2,170.0,0.3098268601696546,2,170.0,False,,
1490.0,6,23.0,1.0952380952380953,6.812220042539945,6,186.0,0.20537590488556567,6,186.0,False,,
1495.0,8,43.0,1.9545454545454546,6.610290874299471,8,210.0,0.25764790591333764,8,210.0,False,,
1500.0,7,78.0,3.5454545454545454,5.616163858800575,7,242.0,0.23853936269741496,7,242.0,False,,
1505.0,10,121.0,5.5,5.16602905368816,10,285.0,0.21315012393265495,10,285.0,False,,
1510.0,10,169.0,8.047619047619047,4.790848821869925,10,333.0,0.27299853965287524,10,333.0,False,,
1515.0,12,227.0,10.80952380952381,4.441411763814831,12,391.0,0.2846770626897097,12,391.0,False,,
1520.0,14,293.0,13.318181818181818,2.5789450737939204,14,458.0,0.1548873551020326,14,458.0,False,,
1525.0,17,372.0,15.5,2.8691671191489694,17,537.0,0.14923251509462673,17,537.0,False,,
1530.0,17,455.0,18.2,2.7042985103243122,17,620.0,0.10694720222893328,17,620.0,False,,
1535.0,19,545.0,18.79310344827586,2.5839131150217876,19,710.0,0.14087129587411296,19,710.0,False,,
1540.0,18,558.0,19.24137931034483,3.324698292253844,18,766.0,0.17902265648061133,18,766.0,False,,
1545.0,16,594.0,22.0,3.1741498722513475,16,803.0,0.17110016999500868,16,803.0,False,,
1550.0,20,682.0,23.517241379310345,2.7451244021038175,20,891.0,0.11424299208408906,20,891.0,False,,
1555.0,22,786.0,27.103448275862068,2.6272006995229784,22,995.0,0.03767190468959747,22,995.0,False,,
1560.0,20,642.0,21.4,2.521611296963792,20,959.0,0.0607236163296618,20,959.0,False,,
1565.0,10,344.0,11.466666666666667,5.015619879462699,10,773.0,0.1952416573897102,10,773.0,False,,
1570.0,9,177.0,6.103448275862069,5.59334215917257,9,722.0,0.2147758139077674,9,722.0,False,,
1575.0,9,57.0,1.9655172413793103,4.868586124592564,9,768.0,0.21560499826216836,9,768.0,False,,
1580.0,6,37.0,1.48,3.5216579726550346,6,787.0,0.16381348443613458,6,787.0,False,,
1585.0,9,77.0,3.347826086956522,3.4080537068136656,9,802.0,0.14297549525047257,9,802.0,False,,
1590.0,13,135.0,5.869565217391305,3.038715524570016,13,860.0,0.06157891141779014,13,860.0,False,,
1595.0,19,217.0,8.68,1.822548367416976,19,943.0,0.02275401693535426,19,943.0,False,,
1600.0,19,312.0,14.181818181818182,0.980158342240416,19,1038.0,0.07154300188204019,19,1038.0,False,,
1605.0,21,409.0,16.36,0.9587390295274942,21,1135.0,0.07396362941735443,21,1135.0,False,,
1610.0,15,335.0,12.884615384615385,2.4898235359354652,15,1074.0,0.1768461573648494,15,1074.0,False,,
1615.0,11,229.0,8.481481481481481,4.265427994075134,11,867.0,0.20836477886905905,11,867.0,False,,
1620.0,8,149.0,5.321428571428571,4.788402229759577,8,913.0,0.20165083963139477,8,913.0,False,,
1625.0,12,76.0,2.6206896551724137,4.494707175657077,12,959.0,0.17576759691151403,12,959.0,False,,
1630.0,7,44.0,1.6296296296296295,4.551823403099845,7,992.0,0.2058229158265109,7,992.0,False,,
1635.0,11,90.0,3.75,3.2660037214431497,11,1028.0,0.13715322073441927,11,1028.0,False,,
1640.0,17,157.0,5.607142857142857,2.9454968838269826,17,1096.0,0.11335918230671026,17,1096.0,False,,
1645.0,18,240.0,8.571428571428571,2.50489651648233,18,1180.0,0.09570350874293007,18,1180.0,False,,
1650.0,16,237.0,8.777777777777779,2.3513232511618223,16,1135.0,0.11278332384581519,16,1135.0,False,,
1655.0,14,209.0,7.7407407407407405,4.195317248978134,14,974.0,0.19191145772424828,14,974.0,False,,
1660.0,11,147.0,5.444444444444445,4.853502241416821,11,1031.0,0.16032417094130655,11,1031.0,False,,
1665.0,8,84.0,3.230769230769231,4.59508141782161,8,1076.0,0.15147761295260515,8,1076.0,False,,
1670.0,8,49.0,2.0416666666666665,3.1709836373938614,8,1117.0,0.13514186274799486,8,1117.0,False,,
1675.0,11,99.0,4.304347826086956,2.8636639010385814,11,1167.0,0.15518991610922678,11,1167.0,False,,
1680.0,16,163.0,6.52,2.5502350391749227,16,1231.0,0.13854739722922685,16,1231.0,False,,
1685.0,18,246.0,9.461538461538462,2.807166572777431,18,1314.0,0.12956593303923125,18,1314.0,False,,
1690.0,16,245.0,9.423076923076923,2.992920039406351,16,1255.0,0.15709612168137782,16,1255.0,False,,
1695.0,12,184.0,7.076923076923077,4.3925949830405955,12,1065.0,0.19421766671347923,12,1065.0,False,,
1700.0,10,135.0,5.4,3.997257330779905,10,1114.0,0.14986622971464905,10,1114.0,False,,
1705.0,9,73.0,2.7037037037037037,3.9133306071832057,9,1163.0,0.12114211049110687,9,1163.0,False,,
1710.0,10,67.0,2.576923076923077,3.0825069779256182,10,1208.0,0.12755291771862498,10,1208.0,False,,
1715.0,13,107.0,3.962962962962963,2.7344479249297895,13,1261.0,0.12864764132943166,13,1261.0,False,,
1720.0,15,175.0,6.730769230769231,2.2591428894362613,15,1329.0,0.14388680061525821,15,1329.0,False,,
1725.0,19,257.0,9.884615384615385,1.780148783430635,19,1412.0,0.13353046502119528,19,1412.0,False,,
1730.0,19,263.0,9.392857142857142,1.7139038469021668,19,1360.0,0.11814439307708834,19,1360.0,False,,
1735.0,17,222.0,7.655172413793103,2.8849878404634888,17,1167.0,0.13856816520170503,17,1167.0,False,,
1740.0,15,200.0,6.666666666666667,4.112502822486492,15,869.0,0.155145625793258,15,869.0,False,,
1745.0,10,124.0,4.0,4.477622463309571,10,913.0,0.1821994985422748,10,913.0,False,,
1750.0,8,61.0,1.967741935483871,5.05392830072216,8,924.0,0.23311010348719555,8,924.0,False,,
1755.0,7,42.0,1.4482758620689655,4.620738521841003,7,950.0,0.211476359915535,7,950.0,False,,
1760.0,9,79.0,2.46875,3.5826862707436646,9,992.0,0.17043106902790542,9,992.0,False,,
1765.0,13,134.0,3.8285714285714287,3.765947031879165,13,1047.0,0.20226707296551585,13,1047.0,False,,
1770.0,16,207.0,6.088235294117647,3.488058599805833,16,1120.0,0.20195723507866103,16,1120.0,False,,
1775.0,16,208.0,6.5,2.9307899775852198,16,1072.0,0.1510790814994983,16,1072.0,False,,
1780.0,16,169.0,5.451612903225806,3.665169049833571,16,917.0,0.1272222216182628,16,917.0,False,,
1785.0,12,138.0,4.451612903225806,4.055374722644824,12,982.0,0.11989647573494881,12,982.0,False,,
1790.0,12,118.0,3.5757575757575757,4.047437246170958,12,1033.0,0.08558837346744873,12,1033.0,False,,
1795.0,12,98.0,2.9696969696969697,3.4858236525887802,12,1086.0,0.1320198134283244,12,1086.0,False,,
1800.0,14,102.0,3.090909090909091,3.212148588662015,14,1147.0,0.14775002340099946,14,1147.0,False,,
1805.0,16,159.0,4.297297297297297,3.408283000091712,16,1217.0,0.14759145977790333,16,1217.0,False,,
1810.0,17,177.0,4.916666666666667,3.2507265020480767,17,1171.0,0.17005830789048798,17,1171.0,False,,
1815.0,17,189.0,5.25,3.82006951271673,17,1032.0,0.20414434972573697,17,1032.0,False,,
1820.0,17,190.0,5.135135135135135,4.507423084515836,17,1003.0,0.21735397240550378,17,1003.0,False,,
1825.0,15,183.0,4.945945945945946,4.855108053228781,15,777.0,0.2254003541747768,15,777.0,False,,
1830.0,13,127.0,3.3421052631578947,4.748746692915605,13,823.0,0.18516027249439948,13,823.0,False,,
1835.0,6,71.0,1.9722222222222223,6.014499809138581,6,840.0,0.2767721352766545,6,840.0,False,,
1840.0,7,38.0,1.0857142857142856,5.512183373769346,7,857.0,0.23219629108398798,7,857.0,False,,
1845.0,10,79.0,2.5483870967741935,4.586388606165058,10,898.0,0.15056850202078353,10,898.0,False,,
1850.0,14,141.0,4.548387096774194,3.1909927139613408,14,960.0,0.07517113679870287,14,960.0,False,,
1855.0,17,201.0,6.7,2.8305329569887747,17,1030.0,0.11782255192598161,17,1030.0,False,,
1860.0,20,290.0,10.357142857142858,2.1706576692101436,19,1108.0,0.08416189151814972,19,1108.0,False,,
1865.0,18,286.0,9.225806451612904,3.7224647784758136,18,1097.0,0.15231035948172852,18,1097.0,False,,
1870.0,14,223.0,7.433333333333334,5.106263387980099,14,1035.0,0.19497738354529676,14,1035.0,False,,
1875.0,11,179.0,6.172413793103448,5.345792358369594,11,999.0,0.20380827373279795,11,999.0,False,,
1880.0,9,102.0,3.2903225806451615,4.897656545957078,9,1042.0,0.18451873274452202,9,1042.0,False,,
1885.0,8,50.0,1.7857142857142858,3.6566564440713543,8,1080.0,0.17654045373338903,8,1080.0,False,,
1890.0,8,67.0,2.392857142857143,4.116229886951751,8,1115.0,0.2067589928353907,8,1115.0,False,,
1895.0,12,120.0,4.444444444444445,3.7481946185803476,12,1168.0,0.17883015699313262,12,1168.0,False,,
1900.0,17,194.0,6.258064516129032,3.013793046976939,17,1242.0,0.11721157897846536,17,1242.0,False,,
1905.0,20,283.0,9.433333333333334,2.6988343249083058,20,1332.0,0.13523774862793472,20,1332.0,False,,
1910.0,18,286.0,9.862068965517242,3.0620380567567453,18,1298.0,0.17304994095910775,18,1298.0,False,,
1915.0,14,225.0,6.818181818181818,4.608969654423727,14,1138.0,0.23147048989352886,14,1138.0,False,,
1920.0,11,184.0,5.411764705882353,6.076364945740432,11,900.0,0.26395444435175824,11,900.0,False,,
1925.0,9,89.0,2.6176470588235294,6.20029282672752,9,933.0,0.275407031649409,9,933.0,False,,
1930.0,7,35.0,1.09375,5.7217474576579415,7,965.0,0.23996832865570045,7,965.0,False,,
1935.0,7,41.0,1.3666666666666667,5.486753816398876,7,990.0,0.23287907855319717,7,990.0,False,,
1940.0,11,85.0,2.9310344827586206,5.0301221230672,11,1033.0,0.217219157853747,11,1033.0,False,,
1945.0,15,149.0,5.730769230769231,3.5892398863634054,15,1097.0,0.1323097802851959,15,1097.0,False,,
1950.0,19,236.0,9.076923076923077,2.2458233737131055,19,1184.0,0.05978172941012742,19,1184.0,False,,
1955.0,18,247.0,9.88,2.3914065004836917,18,1156.0,0.126653162861263,18,1156.0,False,,
1960.0,12,165.0,6.111111111111111,4.171578363971786,12,974.0,0.19229682565835154,12,974.0,False,,
1965.0,9,116.0,4.296296296296297,3.5476298155550117,9,1016.0,0.1603030224869134,9,1016.0,False,,
1970.0,11,62.0,2.2962962962962963,2.778400060273135,11,1069.0,0.11915672583211469,11,1069.0,False,,
1975.0,8,57.0,2.0357142857142856,3.1451831171615487,8,1098.0,0.12374429649554532,8,1098.0,False,,
1980.0,11,107.0,3.689655172413793,3.800476616202749,11,1134.0,0.1625983251018806,11,1134.0,False,,
1985.0,16,175.0,5.833333333333333,4.269063346997042,16,1202.0,0.1680613540235176,16,1202.0,False,,
1990.0,18,261.0,8.7,4.181154781955203,18,1288.0,0.16944263957694417,18,1288.0,False,,
1995.0,18,265.0,9.814814814814815,2.4329271217732686,18,1348.0,0.08341564422333414,18,1348.0,False,,
2000.0,16,215.0,7.962962962962963,3.5700941263680384,16,1155.0,0.10239978470596678,16,1155.0,False,,
2005.0,11,139.0,4.964285714285714,4.37627777370867,11,1081.0,0.17838242097200763,11,1081.0,False,,
2010.0,9,112.0,3.8620689655172415,4.6529887044658,9,1119.0,0.13764168346377312,9,1119.0,False,,
2015.0,8,62.0,2.3846153846153846,4.799825302810717,8,1158.0,0.243793829833882,8,1158.0,False,,
2020.0,9,74.0,2.96,4.3040852049187315,9,1197.0,0.2329922357429976,9,1197.0,False,,
2025.0,12,128.0,5.565217391304348,2.3743062102334678,12,1252.0,0.07679360439328231,12,1252.0,False,,
2030.0,17,200.0,7.6923076923076925,2.242616073358558,17,1324.0,0.029636935055626038,17,1324.0,False,,
2035.0,19,284.0,10.518518518518519,3.2480468503837563,19,1411.0,0.10741129820170557,19,1411.0,False,,
2040.0,16,277.0,10.653846153846153,3.2235016843101323,16,1347.0,0.1623930360936423,16,1347.0,False,,
2045.0,12,202.0,8.416666666666666,4.08937020660483,12,1104.0,0.22376525924395485,12,1104.0,False,,
2050.0,11,152.0,6.333333333333333,3.613613066580722,11,1156.0,0.11316254604218794,11,1156.0,False,,
2055.0,10,83.0,3.074074074074074,2.916066181570351,10,1207.0,0.08239311578659776,10,1207.0,False,,
2060.0,8,54.0,2.16,2.8471221886029197,8,1246.0,0.16393907793274484,8,1246.0,False,,
2065.0,12,105.0,4.2,3.551742994541667,12,1286.0,0.2055964550919893,12,1286.0,False,,
2070.0,15,171.0,6.84,3.599579703979923,15,1352.0,0.16980821009374586,15,1352.0,False,,
2075.0,18,254.0,9.407407407407407,2.2988984281133025,18,1436.0,0.08431912281536906,18,1436.0,False,,
2080.0,15,245.0,9.423076923076923,3.0757517084831503,15,1363.0,0.17376834792821721,15,1363.0,False,,
2085.0,10,168.0,6.461538461538462,5.1791217726419125,10,996.0,0.22363369075043524,10,996.0,False,,
2090.0,6,105.0,3.75,6.047855758192587,6,1030.0,0.29530343984324103,6,1030.0,False,,
2095.0,6,24.0,0.8571428571428571,6.024129260096428,6,1060.0,0.2554035986487083,6,1060.0,False,,
2100.0,8,54.0,2.076923076923077,5.42179805823625,8,1092.0,0.21385691105704244,8,1092.0,False,,
2105.0,12,102.0,4.434782608695652,3.5353699077929606,12,1141.0,0.1363724459135237,12,1141.0,False,,
2110.0,10,81.0,3.857142857142857,3.4431208780263938,10,1034.0,0.16882234621751735,10,1034.0,False,,
2115.0,9,56.0,2.8,4.511278500303067,9,815.0,0.14559129895107187,9,815.0,False,,
2120.0,4,26.0,1.1818181818181819,5.047013108257221,4,835.0,0.15595463896489214,4,835.0,False,,
2125.0,5,22.0,1.0,6.206290577942331,5,848.0,0.24511490330204624,5,848.0,False,,
2130.0,5,20.0,1.0,5.409566296208672,5,745.0,0.3049691851918626,5,745.0,False,,
2135.0,2,7.0,0.3181818181818182,7.013745638451653,2,543.0,0.4002163667247042,2,543.0,False,,
2140.0,3,3.0,0.12,6.137927542106558,3,454.0,0.315719075438665,3,454.0,False,,
2145.0,6,21.0,1.0,6.640721406937396,6,472.0,0.35081129006553785,6,472.0,False,,
2150.0,6,40.0,1.9047619047619047,5.580353196076365,6,495.0,0.303582179479635,6,495.0,False,,
2155.0,10,82.0,3.9047619047619047,4.519845147603083,10,533.0,0.21521891663078418,10,533.0,False,,
2160.0,8,74.0,3.217391304347826,5.294986942574782,8,468.0,0.26630980333079723,8,468.0,False,,
2165.0,2,23.0,1.0,8.037131481427018,2,285.0,0.5001464603015553,2,285.0,False,,
2170.0,1,4.0,0.16,7.5744552798893015,1,290.0,0.4121371560339192,1,290.0,False,,
2175.0,4,19.0,0.8260869565217391,6.273065641119568,4,305.0,0.256224798360132,4,305.0,False,,
2180.0,8,45.0,2.142857142857143,5.053395924695512,8,331.0,0.18779362306594347,8,331.0,False,,
2185.0,11,85.0,4.473684210526316,4.765427300960208,11,373.0,0.19041311330857605,11,373.0,False,,
2190.0,9,79.0,4.157894736842105,4.73347845278151,9,320.0,0.2199748892636426,9,320.0,False,,
2195.0,6,39.0,1.8571428571428572,6.4178468513057965,6,176.0,0.3422878404400354,6,176.0,False,,
2200.0,3,2.0,0.09523809523809523,5.6719651795676596,3,136.0,0.3197651562951796,3,136.0,False,,
2205.0,4,18.0,0.8181818181818182,6.423201318353387,4,153.0,0.28743511570261426,4,153.0,False,,
2210.0,8,38.0,1.6521739130434783,5.942500843352109,8,173.0,0.2808167610668958,8,173.0,False,,
2215.0,9,79.0,3.95,5.231661265866346,9,213.0,0.2441826924447216,9,213.0,False,,
2220.0,11,134.0,6.380952380952381,3.7525499045987707,11,268.0,0.1661947962270326,11,268.0,False,,
2225.0,15,198.0,9.428571428571429,3.328374490981492,15,332.0,0.13658711759476733,15,332.0,False,,
2230.0,10,174.0,8.7,4.317472442623983,10,333.0,0.2313244816069345,10,333.0,False,,
2235.0,5,88.0,4.4,6.303185395282389,5,262.0,0.33107003060296714,5,262.0,False,,
2240.0,3,21.0,1.105263157894737,6.041217903185481,3,282.0,0.29207941076843413,3,282.0,False,,
2245.0,7,26.0,1.368421052631579,5.230640055451845,7,303.0,0.14511415374865147,7,303.0,False,,
2250.0,6,24.0,1.6,3.6584497745906606,6,283.0,0.14507283806199578,6,283.0,False,,
2255.0,3,16.0,0.9411764705882353,5.46906820770928,3,207.0,0.1607656420255232,3,207.0,False,,
2260.0,2,3.0,0.16666666666666666,7.025609049669705,2,213.0,0.3599338537153519,2,213.0,False,,
2265.0,6,20.0,0.9090909090909091,6.1162096846756775,6,230.0,0.3148673174062495,6,230.0,False,,
2270.0,5,21.0,1.05,6.429612697627573,5,204.0,0.38903166088473934,5,204.0,False,,
2275.0,2,3.0,0.14285714285714285,7.1775253111112916,2,140.0,0.42722093094228786,2,140.0,False,,
2280.0,2,3.0,0.13636363636363635,5.715584687903459,2,144.0,0.3184464606031659,2,144.0,False,,
2285.0,6,22.0,0.9166666666666666,6.390258833190511,6,160.0,0.2940491263932258,6,160.0,False,,
2290.0,7,44.0,2.0952380952380953,5.933578053928953,7,184.0,0.3142105673850801,7,184.0,False,,
2295.0,8,82.0,3.727272727272727,7.434970028367821,8,221.0,0.31054297937563974,8,221.0,False,,
2300.0,6,62.0,2.9523809523809526,6.929169330534516,6,201.0,0.30627906157459256,6,201.0,False,,
2305.0,2,6.0,0.3157894736842105,7.842626186698707,2,112.0,0.3536045016772178,2,112.0,False,,
2310.0,1,2.0,0.10526315789473684,7.641966262310695,1,108.0,0.338707911560052,1,108.0,False,,
2315.0,5,20.0,1.1111111111111112,8.406457897591558,5,126.0,0.397933322962785,5,126.0,False,,
2320.0,4,18.0,1.2,6.8414730775740855,4,95.0,0.3341500056045952,4,95.0,False,,
2325.0,1,1.0,0.0625,7.516917602881382,1,49.0,0.3313473337101642,1,49.0,False,,
2330.0,3,6.0,0.4,8.04916603658014,3,54.0,0.4272464862243811,3,54.0,False,,
2335.0,5,27.0,1.8,7.86824744104043,5,75.0,0.3999259254861284,5,75.0,False,,
2340.0,4,9.0,0.5294117647058824,5.153810051022253,4,53.0,0.2659192894946352,4,53.0,False,,
2345.0,1,1.0,0.06666666666666667,8.890644246812503,1,12.0,0.5407289569734774,1,12.0,False,,
2350.0,1,2.0,0.13333333333333333,10.25813431241949,1,13.0,0.5915037933446131,1,13.0,False,,
2355.0,4,13.0,0.7647058823529411,7.270311479995439,4,24.0,0.3326400840996249,4,24.0,False,,
2360.0,3,4.0,0.25,6.682113174680637,3,20.0,0.4347028610684749,3,20.0,False,,
2365.0,0,0.0,0.0,9.556860699912152,0,5.0,0.6568972524061915,0,5.0,False,,
2370.0,1,1.0,0.06666666666666667,10.701974398098262,1,3.0,0.647910378710219,1,3.0,False,,
2375.0,4,12.0,0.7058823529411765,8.073108712425963,4,15.0,0.39967518592271023,4,15.0,False,,
2380.0,1,0.0,0.0,7.561387204833626,1,8.0,0.38191252422651156,1,8.0,False,,
2385.0,1,3.0,0.21428571428571427,10.08062525223677,1,4.0,0.6284249677770916,1,4.0,False,,
2390.0,0,0.0,0.0,8.36226356407438,0,1.0,0.479285472098005,0,1.0,False,,
2395.0,3,5.0,0.23809523809523808,8.099888007575297,3,6.0,0.4478477753209754,3,6.0,False,,
2400.0,0,0.0,0.0,8.840175532647924,0,5.0,0.6378314315689249,0,5.0,False,,
2405.0,1,0.0,0.0,8.002156233107348,1,1.0,0.52342631562888,1,1.0,False,,
2410.0,2,4.0,0.21052631578947367,8.666445178119584,2,5.0,0.5203760811275309,2,5.0,False,,
2415.0,6,23.0,1.15,7.038014249034605,6,24.0,0.3661395814319119,6,24.0,False,,
2420.0,5,27.0,1.4210526315789473,5.809272631797733,5,45.0,0.28201044716038687,5,45.0,False,,
2425.0,4,33.0,1.9411764705882353,6.492859610890044,4,50.0,0.3301328720370405,4,50.0,False,,
2430.0,8,58.0,3.2222222222222223,5.055838113031091,8,75.0,0.12086649836098387,8,75.0,False,,
2435.0,10,99.0,5.2105263157894735,3.4106058453695476,10,116.0,0.1093244881226617,10,116.0,False,,
2440.0,5,48.0,2.6666666666666665,5.328004491315761,5,118.0,0.35262981873377586,5,118.0,False,,
2445.0,1,0.0,0.0,8.67493151280187,1,52.0,0.5787779092185354,1,52.0,False,,
2450.0,2,6.0,0.3,8.213806712179885,2,58.0,0.44246513344241006,2,58.0,False,,
2455.0,6,31.0,1.55,7.705365129239868,6,83.0,0.31820120911625677,6,83.0,False,,
2460.0,5,41.0,2.2777777777777777,6.4479211224960995,5,95.0,0.31426554760230524,5,95.0,False,,
2465.0,8,70.0,4.117647058823529,5.425357612058686,8,109.0,0.2265891009500731,8,109.0,False,,
2470.0,8,108.0,7.2,5.32657389701674,8,147.0,0.25150637464685044,8,147.0,False,,
2475.0,9,150.0,7.894736842105263,4.01213237372063,9,189.0,0.17527159950176913,9,189.0,False,,
2480.0,6,90.0,5.294117647058823,5.121242540688073,6,170.0,0.3388295869095899,6,170.0,False,,
2485.0,1,7.0,0.3684210526315789,6.953173230070267,1,105.0,0.421834861178637,1,105.0,False,,
2490.0,1,1.0,0.047619047619047616,7.539975993914051,1,106.0,0.4382221956510956,1,106.0,False,,
2495.0,6,22.0,0.9565217391304348,6.977563964370641,6,127.0,0.3116797717668911,6,127.0,False,,
2500.0,10,65.0,3.25,5.750640332148744,10,170.0,0.31558965272376666,10,170.0,False,,
2505.0,11,117.0,5.85,4.710769710990421,11,222.0,0.2436076720280791,11,222.0,False,,
2510.0,12,177.0,8.85,4.200957071858679,12,282.0,0.2401787141002679,12,282.0,False,,
2515.0,13,240.0,12.631578947368421,3.418017715130071,13,345.0,0.12196935870685452,13,345.0,False,,
2520.0,9,142.0,7.1,3.8385142443731803,9,322.0,0.13935244272741798,9,322.0,False,,
2525.0,2,33.0,1.736842105263158,6.724989724363749,2,199.0,0.3016154336390097,2,199.0,False,,
2530.0,4,4.0,0.2222222222222222,6.084599871471886,4,157.0,0.2234981069333519,4,157.0,False,,
2535.0,6,28.0,1.4736842105263157,4.387154097049326,6,181.0,0.13172306830502237,6,181.0,False,,
2540.0,8,43.0,2.15,5.209956432530842,8,208.0,0.22933154249439405,8,208.0,False,,
2545.0,7,68.0,3.7777777777777777,4.948708155177445,7,220.0,0.27140786948907314,7,220.0,False,,
2550.0,9,103.0,5.722222222222222,4.391717256966076,9,255.0,0.22381041212268746,9,255.0,False,,
2555.0,10,152.0,7.238095238095238,5.0877330188954994,10,304.0,0.2915800210505067,10,304.0,False,,
2560.0,12,203.0,9.227272727272727,3.9590153482765547,12,355.0,0.2070964476888864,12,355.0,False,,
2565.0,16,269.0,11.695652173913043,2.375848992709936,16,421.0,0.16450981692017533,16,421.0,False,,
2570.0,17,349.0,15.173913043478262,2.296998195510283,17,501.0,0.17421489307699456,17,501.0,False,,
2575.0,19,439.0,16.884615384615383,2.033611110784601,19,592.0,0.15567363192388056,19,592.0,False,,
2580.0,14,306.0,11.333333333333334,2.4570823905422707,14,560.0,0.1543721580468111,14,560.0,False,,
2585.0,7,84.0,3.111111111111111,4.840075368607423,7,414.0,0.21564343546088752,7,414.0,False,,
2590.0,6,23.0,0.8214285714285714,4.78518226579165,6,441.0,0.17079610506797424,6,441.0,False,,
2595.0,9,38.0,1.3103448275862069,5.004548256787741,9,469.0,0.1103211645239675,9,469.0,False,,
2600.0,10,67.0,2.576923076923077,4.093370841288371,10,494.0,0.12597250263080834,10,494.0,False,,
2605.0,11,100.0,4.0,4.2826222927272575,11,497.0,0.14816634650608415,11,497.0,False,,
2610.0,11,96.0,4.0,3.5604015466610357,11,431.0,0.09259120876556305,11,431.0,False,,
2615.0,7,56.0,2.074074074074074,6.287113092819509,7,305.0,0.24973763445400607,7,305.0,False,,
2620.0,4,27.0,1.0384615384615385,6.863275932040019,4,328.0,0.3294847545666597,4,328.0,False,,
2625.0,4,25.0,0.8928571428571429,6.695612843703249,4,350.0,0.3201064607827449,4,350.0,False,,
2630.0,8,58.0,2.4166666666666665,4.435587661101205,8,383.0,0.243687989233546,8,383.0,False,,
2635.0,12,106.0,4.076923076923077,4.250078756486547,12,431.0,0.19129702428803522,12,431.0,False,,
2640.0,14,170.0,6.8,4.475099274293124,14,495.0,0.21595314377570593,14,495.0,False,,
2645.0,17,252.0,10.5,3.5324581924897047,17,577.0,0.13989533713752622,17,577.0,False,,
2650.0,13,233.0,9.708333333333334,2.9535989670124194,13,568.0,0.15388376856558908,13,568.0,False,,
2655.0,11,156.0,6.0,4.230868769800349,11,401.0,0.16524232968508498,11,401.0,False,,
2660.0,6,84.0,3.111111111111111,6.278600499145416,6,428.0,0.32478414455997023,6,428.0,False,,
2665.0,3,12.0,0.46153846153846156,6.460804139672467,3,441.0,0.2996347889241009,3,441.0,False,,
2670.0,7,39.0,1.56,4.641806715863919,7,468.0,0.16614433672835552,7,468.0,False,,
2675.0,11,82.0,3.727272727272727,3.292349342558342,11,512.0,0.09655704426862083,11,512.0,False,,
2680.0,14,141.0,6.130434782608695,2.6381212006465327,14,571.0,0.09107204372690483,14,571.0,False,,
2685.0,16,216.0,9.0,3.6881765242779587,16,646.0,0.18255826480339618,16,646.0,False,,
2690.0,13,209.0,9.08695652173913,3.159699129940467,13,631.0,0.1991789963665299,13,631.0,False,,
2695.0,9,142.0,5.916666666666667,4.677647829018723,9,532.0,0.26203069539869717,9,532.0,False,,
2700.0,4,77.0,2.8518518518518516,5.475333699895361,4,491.0,0.29822928385922504,4,491.0,False,,
2705.0,5,17.0,0.5862068965517241,5.280934396575772,5,511.0,0.2541803579476964,5,511.0,False,,
2710.0,6,33.0,1.064516129032258,5.509369663600613,6,533.0,0.277148935353359,6,533.0,False,,
2715.0,9,72.0,2.6666666666666665,5.150947400248345,9,566.0,0.23609211185313753,9,566.0,False,,
2720.0,12,126.0,4.666666666666667,4.623968253760054,12,620.0,0.16104157575560335,12,620.0,False,,
2725.0,17,198.0,7.333333333333333,3.755501965258087,17,692.0,0.09751693004582153,17,692.0,False,,
2730.0,18,283.0,10.481481481481481,3.5138578751966745,18,777.0,0.13938872697226715,18,777.0,False,,
2735.0,15,259.0,9.25,3.3842915773539324,15,749.0,0.1824169812758117,15,749.0,False,,
2740.0,10,178.0,6.357142857142857,5.8069201768348915,10,630.0,0.32907416779955934,10,630.0,False,,
2745.0,6,84.0,3.0,6.078423001640466,6,661.0,0.35871537277227433,6,661.0,False,,
2750.0,6,29.0,1.0740740740740742,4.6883479483798185,6,690.0,0.2480070652096146,6,690.0,False,,
2755.0,9,56.0,2.0,3.888136415128667,9,722.0,0.16531091432603828,9,722.0,False,,
2760.0,11,104.0,3.586206896551724,4.960023803593515,11,766.0,0.19839360176772092,11,766.0,False,,
2765.0,16,174.0,6.444444444444445,4.331784887992124,16,836.0,0.17116765717981255,16,836.0,False,,
2770.0,19,263.0,10.115384615384615,2.7820356776075883,19,925.0,0.05475560799957915,19,925.0,False,,
2775.0,20,361.0,13.884615384615385,2.2640100506393477,20,1023.0,0.05957763578320531,20,1023.0,False,,
2780.0,21,462.0,18.48,1.9185013606342083,21,1124.0,0.05672864717671465,21,1124.0,False,,
2785.0,23,569.0,23.708333333333332,0.008017362679906203,23,1231.0,0.0005124680793369142,23,1231.0,False,,
2790.0,23,684.0,28.5,0.37551064106092885,23,1346.0,0.028181166696048813,23,1346.0,False,,
2795.0,25,799.0,28.535714285714285,0.410350029781036,25,1461.0,0.02651583247499037,25,1461.0,False,,
2800.0,18,638.0,19.9375,1.8763323588485399,18,1397.0,0.10849409868790723,18,1397.0,False,,
2805.0,13,424.0,12.848484848484848,4.385859893885033,13,1023.0,0.19126055061478076,13,1023.0,False,,
2810.0,14,245.0,7.0,4.9177039936613385,14,1086.0,0.1903257779696497,14,1086.0,False,,
2815.0,15,180.0,5.0,4.85278030643208,15,1153.0,0.1595007169178635,15,1153.0,False,,
2820.0,13,92.0,2.5555555555555554,3.7115010458427315,13,1173.0,0.10969880893905103,13,1173.0,False,,
2825.0,12,94.0,2.764705882352941,3.7312666791741824,12,1232.0,0.15836814512637143,12,1232.0,False,,
2830.0,13,140.0,3.888888888888889,4.486796575523672,13,1292.0,0.24483645985886787,13,1292.0,False,,
2835.0,17,214.0,6.294117647058823,4.113879787234819,17,1369.0,0.22666518253690948,17,1369.0,False,,
2840.0,23,316.0,9.575757575757576,2.0931701674418983,23,1471.0,0.10762418235992192,23,1471.0,False,,
2845.0,28,448.0,12.108108108108109,2.1603312090579,28,1604.0,0.08923583496671915,28,1604.0,False,,
2850.0,29,475.0,12.5,1.917118175090604,29,1582.0,0.041384094948367374,29,1582.0,False,,
2855.0,21,385.0,9.625,3.0621182165931,21,1538.0,0.09512564734403252,21,1538.0,False,,
2860.0,19,322.0,8.05,3.7089607212877764,19,1622.0,0.12915938961385331,19,1622.0,False,,
2865.0,20,286.0,7.526315789473684,3.26513889410875,20,1709.0,0.10965129569903054,20,1709.0,False,,
2870.0,19,252.0,7.2,2.1524799123902096,19,1800.0,0.06868736977745585,19,1800.0,False,,
2875.0,21,227.0,6.305555555555555,1.044853609251386,21,1897.0,0.04862596727437157,21,1897.0,False,,
2880.0,23,306.0,8.5,1.4873273234724942,23,2001.0,0.08006053520836286,23,2001.0,False,,
2885.0,26,354.0,9.567567567567568,1.0103652305795778,26,2114.0,0.07439864105537305,26,2114.0,False,,
2890.0,30,493.0,12.64102564102564,0.6500455631319865,30,2254.0,0.047847695386738026,30,2254.0,False,,
2895.0,37,659.0,16.073170731707318,0.5655982638489873,37,2420.0,0.04043920265991167,37,2420.0,False,,
2900.0,35,721.0,17.166666666666668,1.0403120375148547,35,2426.0,0.06617364903988689,35,2426.0,False,,
2905.0,31,690.0,16.046511627906977,2.4047693319118304,31,2198.0,0.11652917654692654,31,2198.0,False,,
2910.0,28,716.0,15.911111111111111,3.0898863645321373,28,1961.0,0.10963634844666229,28,1961.0,False,,
2915.0,24,527.0,11.456521739130435,4.086874424980513,24,1906.0,0.138754025672819,24,1906.0,False,,
2920.0,28,607.0,13.488888888888889,3.932562983570744,28,1812.0,0.14035036747827076,28,1812.0,False,,
2925.0,25,647.0,14.065217391304348,3.8397305902797663,25,1724.0,0.11463093733702394,25,1724.0,False,,
2930.0,22,628.0,14.604651162790697,4.338995406401543,22,1458.0,0.13456485031654378,22,1458.0,False,,
2935.0,19,348.0,8.285714285714286,4.003045825013466,19,1500.0,0.14524004078057942,19,1500.0,False,,
2940.0,11,116.0,2.9743589743589745,4.712483507756085,11,1405.0,0.1903577776309576,11,1405.0,False,,
2945.0,9,53.0,1.4722222222222223,5.557745314950373,9,1419.0,0.2814141687726569,9,1419.0,False,,
2950.0,10,83.0,2.4411764705882355,4.933817848446877,10,1452.0,0.22526808347018365,10,1452.0,False,,
2955.0,18,152.0,4.3428571428571425,3.8051307325746793,18,1515.0,0.16240780327600096,18,1515.0,False,,
2960.0,17,213.0,6.65625,2.455923339915911,17,1518.0,0.11806342944101603,17,1518.0,False,,
2965.0,19,291.0,9.09375,2.589772374927413,19,1535.0,0.13473725471376025,19,1535.0,False,,
2970.0,21,393.0,11.909090909090908,2.663123373943626,21,1637.0,0.11423357216768038,21,1637.0,False,,
2975.0,26,515.0,14.305555555555555,2.5529469323766283,26,1759.0,0.09176610582696856,26,1759.0,False,,
2980.0,21,485.0,14.264705882352942,2.631661560786414,21,1812.0,0.11583460464358977,21,1812.0,False,,
2985.0,15,387.0,12.09375,3.6577615585682555,15,1557.0,0.1476171942269831,15,1557.0,False,,
2990.0,13,266.0,7.823529411764706,4.26168153939247,13,1577.0,0.11448905489023249,13,1577.0,False,,
2995.0,17,162.0,4.378378378378378,3.5781750406823067,17,1640.0,0.08424335536486623,17,1640.0,False,,
3000.0,13,81.0,2.4545454545454546,3.2011453476047227,13,1686.0,0.14031190921832806,13,1686.0,False,,
3005.0,10,77.0,2.40625,3.3502302724775204,10,1708.0,0.17582075585295287,10,1708.0,False,,
3010.0,15,138.0,4.0588235294117645,3.3615137121729273,15,1769.0,0.15245032143470405,15,1769.0,False,,
3015.0,21,230.0,6.764705882352941,2.8640195026750357,21,1861.0,0.1180513273200038,21,1861.0,False,,
3020.0,19,229.0,6.9393939393939394,2.4739174730339757,19,1774.0,0.09865546381259206,19,1774.0,False,,
3025.0,17,184.0,5.935483870967742,2.9123246536275116,17,1599.0,0.07576785981207858,17,1599.0,False,,
3030.0,14,138.0,4.181818181818182,3.2635602748913755,14,1667.0,0.07505855933047295,14,1667.0,False,,
3035.0,12,120.0,3.3333333333333335,4.224499039965125,12,1724.0,0.12546851957243912,12,1724.0,False,,
3040.0,11,86.0,2.4571428571428573,3.935862186938913,11,1766.0,0.16079750303140244,11,1766.0,False,,
3045.0,11,99.0,3.0,4.222263682395007,11,1811.0,0.21157562369337424,11,1811.0,False,,
3050.0,14,165.0,5.0,4.08235923055819,14,1877.0,0.22543770538100302,14,1877.0,False,,
3055.0,18,251.0,7.84375,3.609239218778428,18,1963.0,0.16551620004486528,18,1963.0,False,,
3060.0,22,354.0,11.0625,3.0528081556667233,22,2066.0,0.10183067758699549,22,2066.0,False,,
3065.0,25,472.0,15.225806451612904,2.18224622127438,25,2184.0,0.036828109642931886,25,2184.0,False,,
3070.0,25,597.0,19.9,1.5948303583905579,25,2309.0,0.0004002705766945918,25,2309.0,False,,
3075.0,27,727.0,23.451612903225808,0.9038735758303377,27,2439.0,0.007010804112510941,27,2439.0,False,,
3080.0,29,861.0,28.7,0.33852960850530206,29,2573.0,0.027446912693717705,29,2573.0,False,,
3085.0,28,1001.0,31.28125,1.0037623038490013,28,2713.0,0.07107228222336945,28,2713.0,False,,
3090.0,23,913.0,27.666666666666668,2.395911942694393,23,2600.0,0.1491426740102572,23,2600.0,False,,
3095.0,20,735.0,21.0,3.327656505703757,20,2052.0,0.1226085755081388,20,2052.0,False,,
3100.0,14,595.0,17.0,3.918565989801515,14,2130.0,0.12850319263276938,14,2130.0,False,,
3105.0,12,392.0,11.2,3.927417256174066,12,2192.0,0.13320548440197338,12,2192.0,False,,
3110.0,14,295.0,8.93939393939394,2.3408107247988696,14,2253.0,0.11469786364960331,14,2253.0,False,,
3115.0,12,151.0,4.575757575757576,2.3368756650956146,12,2316.0,0.1193902077320503,12,2316.0,False,,
3120.0,14,140.0,4.242424242424242,3.1029424003027017,14,2384.0,0.16746113843746685,14,2384.0,False,,
3125.0,19,221.0,6.314285714285714,2.398510367236138,19,2465.0,0.14059228756931827,19,2465.0,False,,
3130.0,25,325.0,8.783783783783784,1.4838086644249546,25,2574.0,0.07335604664919454,25,2574.0,False,,
3135.0,30,461.0,12.131578947368421,2.1385046306816227,30,2710.0,0.10144248397611728,30,2710.0,False,,
3140.0,29,498.0,12.76923076923077,2.1831189766886476,29,2822.0,0.12596893180582258,29,2822.0,False,,
3145.0,23,378.0,9.692307692307692,2.401618115802603,23,2683.0,0.1279573749833618,23,2683.0,False,,
3150.0,24,406.0,9.902439024390244,1.9110874089532432,24,2751.0,0.04863052266949163,24,2751.0,False,,
3155.0,24,343.0,8.166666666666666,2.764010113530881,24,2873.0,0.06922617694699508,24,2873.0,False,,
3160.0,24,304.0,7.069767441860465,2.3905095039346063,24,2991.0,0.08325473203707436,24,2991.0,False,,
3165.0,26,311.0,7.068181818181818,2.1020042227168205,26,3109.0,0.08514370412725267,26,3109.0,False,,
3170.0,29,379.0,8.813953488372093,2.3141673268923735,29,3186.0,0.11560892047258335,29,3186.0,False,,
3175.0,29,295.0,6.8604651162790695,1.9871462629343923,29,3263.0,0.11774376790262298,29,3263.0,False,,
3180.0,29,327.0,7.431818181818182,2.081682281692972,29,2697.0,0.08000867247629677,29,2697.0,False,,
3185.0,25,308.0,7.0,3.045634032137811,25,2551.0,0.09894052914591547,25,2551.0,False,,
3190.0,25,315.0,7.325581395348837,3.24865353843224,25,2401.0,0.10007218091209547,25,2401.0,False,,
3195.0,24,326.0,7.761904761904762,3.1886314650732404,24,2252.0,0.06764806129557886,24,2252.0,False,,
3200.0,22,331.0,8.073170731707316,3.153910822706768,22,2299.0,0.07444951416031804,22,2299.0,False,,
3205.0,20,349.0,8.512195121951219,4.035601368697667,20,2347.0,0.13355148616792575,20,2347.0,False,,
3210.0,17,212.0,5.170731707317073,3.504695943067566,17,2401.0,0.1472791718370996,17,2401.0,False,,
3215.0,16,151.0,3.5952380952380953,4.445096817870576,16,2447.0,0.24367592125418447,16,2447.0,False,,
3220.0,16,197.0,4.925,4.524441088309186,16,2522.0,0.23659208483138408,16,2522.0,False,,
3225.0,21,289.0,7.410256410256411,3.8651671207739664,21,2614.0,0.17429271576876637,21,2614.0,False,,
3230.0,27,410.0,10.789473684210526,2.699173305977689,27,2735.0,0.08695349772789603,27,2735.0,False,,
3235.0,32,557.0,14.282051282051283,1.8735078848230227,32,2882.0,0.02365088153644204,32,2882.0,False,,
3240.0,32,713.0,18.763157894736842,1.539330439705496,32,3038.0,0.03990191719954417,32,3038.0,False,,
3245.0,28,704.0,18.05128205128205,1.8760180148863168,28,3126.0,0.10031614679781588,28,3126.0,False,,
3250.0,22,497.0,12.121951219512194,2.472580181604344,22,2971.0,0.11130151016996828,22,2971.0,False,,
3255.0,26,602.0,14.333333333333334,2.8623301345330274,26,2962.0,0.1277736085657387,26,2962.0,False,,
3260.0,31,742.0,17.25581395348837,2.494049682804022,31,3083.0,0.07509602131236305,31,3083.0,False,,
3265.0,33,905.0,20.11111111111111,1.9642220840772542,33,3247.0,0.0412112303307341,33,3247.0,False,,
3270.0,37,1081.0,24.568181818181817,1.5961653432218421,37,3423.0,0.0510920337336614,37,3423.0,False,,
3275.0,37,1203.0,25.0625,1.9415217350028173,37,3533.0,0.07843646537784135,37,3533.0,False,,
3280.0,31,1259.0,26.229166666666668,2.8126064467111456,31,3564.0,0.12562820275284503,31,3564.0,False,,
3285.0,30,1108.0,24.08695652173913,3.0094315934943374,30,3116.0,0.1086488502952521,30,3116.0,False,,
3290.0,28,1091.0,23.21276595744681,2.843214317631109,28,3204.0,0.09674048879788213,28,3204.0,False,,
3295.0,27,1104.0,23.0,2.818895601165657,27,3251.0,0.08747664155714723,27,3251.0,False,,
3300.0,30,1079.0,23.456521739130434,2.3006792262715776,29,3310.0,0.08751732025635123,29,3310.0,False,,
3305.0,30,828.0,17.617021276595743,2.223999537677263,30,3459.0,0.05622570372695449,30,3459.0,False,,
3310.0,23,452.0,9.416666666666666,2.7137330909857575,23,3542.0,0.10177498626332346,23,3542.0,False,,
3315.0,21,322.0,6.851063829787234,2.714259629045832,21,3648.0,0.12671666481390037,21,3648.0,False,,
3320.0,29,451.0,10.022222222222222,1.9940519776979928,29,3779.0,0.08883929930349534,29,3779.0,False,,
3325.0,39,623.0,13.543478260869565,0.8151706341230084,39,3913.0,0.04593200350660608,39,3913.0,False,,
3330.0,38,689.0,14.659574468085106,1.0812735605679873,38,4064.0,0.0554053873680782,38,4064.0,False,,
3335.0,31,635.0,12.959183673469388,2.096654105552432,31,3955.0,0.09531766920613281,31,3955.0,False,,
3340.0,26,571.0,11.895833333333334,2.3153357714860805,26,4038.0,0.08871237828381696,26,4038.0,False,,
3345.0,22,515.0,10.729166666666666,2.2174511973975255,22,4112.0,0.06426020610819469,22,4112.0,False,,
3350.0,30,537.0,11.425531914893616,2.126706347344521,30,4239.0,0.028853896270979017,30,4239.0,False,,
3355.0,35,702.0,15.26086956521739,2.111054158718344,35,4404.0,0.003574867750901677,35,4404.0,False,,
3360.0,38,888.0,20.181818181818183,1.4607800357251541,38,4590.0,0.004291005350630944,38,4590.0,False,,
3365.0,31,609.0,13.840909090909092,1.5352602063787826,31,4711.0,0.044106286907303435,31,4711.0,False,,
3370.0,28,519.0,11.282608695652174,1.837301680268266,28,4610.0,0.08461859023738168,28,4610.0,False,,
3375.0,32,662.0,14.085106382978724,1.6736056730896234,32,4759.0,0.06687408104843641,32,4759.0,False,,
3380.0,36,709.0,15.085106382978724,1.3181241628437603,36,4854.0,0.04147351001425504,36,4854.0,False,,
3385.0,41,905.0,17.745098039215687,1.3187949621911215,41,5050.0,0.049181452991581776,41,5050.0,False,,
3390.0,42,908.0,17.80392156862745,0.9535481120511529,42,4972.0,0.042522558074562955,42,4972.0,False,,
3395.0,42,1065.0,19.72222222222222,1.4266030175382274,42,4878.0,0.04860047186706839,42,4878.0,False,,
3400.0,35,1119.0,20.72222222222222,1.8277137269896468,35,5044.0,0.06803674951634194,35,5044.0,False,,
3405.0,35,1180.0,21.454545454545453,2.0874658442736767,35,5196.0,0.07144325355398341,35,5196.0,False,,
3410.0,42,1366.0,24.836363636363636,2.284770033269789,42,5176.0,0.03910411893846486,42,5176.0,False,,
3415.0,41,1499.0,26.29824561403509,1.9665027921835132,41,5252.0,0.019293179960835863,41,5252.0,False,,
3420.0,26,777.0,13.39655172413793,2.679292798324923,26,5368.0,0.06456005862632366,26,5368.0,False,,
3425.0,30,484.0,8.8,3.134706990307795,30,5460.0,0.10879379192427374,30,5460.0,False,,
3430.0,36,495.0,8.839285714285714,3.135207510161582,36,5616.0,0.10383127873796862,36,5616.0,False,,
3435.0,41,688.0,12.981132075471699,2.192529715609837,41,5809.0,0.06271895945284607,41,5809.0,False,,
3440.0,34,599.0,11.092592592592593,2.0879327153304152,34,5692.0,0.047965741613139934,34,5692.0,False,,
3445.0,33,406.0,7.518518518518518,2.186370725897348,33,5711.0,0.06880024047447876,33,5711.0,False,,
3450.0,36,576.0,11.076923076923077,2.604484152610437,36,5701.0,0.07867872995890127,36,5701.0,False,,
3455.0,32,603.0,11.377358490566039,3.262668811697604,32,5757.0,0.12179115902962998,32,5757.0,False,,
3460.0,33,660.0,12.941176470588236,2.8597490279220215,33,5441.0,0.1012671152050332,33,5441.0,False,,
3465.0,32,793.0,15.549019607843137,3.006665997754012,32,5462.0,0.08265596155223445,32,5462.0,False,,
3470.0,26,693.0,13.588235294117647,4.16925135700065,26,4901.0,0.1546294058728925,26,4901.0,False,,
3475.0,18,473.0,9.096153846153847,4.805230134300788,18,4844.0,0.2081104869681935,18,4844.0,False,,
3480.0,11,57.0,1.0961538461538463,4.79434811818878,11,4834.0,0.21481472780843586,11,4834.0,False,,
3485.0,18,75.0,1.4705882352941178,4.2018076420594666,18,4744.0,0.1706347190832234,18,4744.0,False,,
3490.0,18,152.0,3.1020408163265305,4.261468217744832,18,4810.0,0.18684905084024436,18,4810.0,False,,
3495.0,22,240.0,5.217391304347826,3.944405611971922,22,4547.0,0.1372278119749544,22,4547.0,False,,
3500.0,28,361.0,8.395348837209303,3.200529742994559,28,4673.0,0.07882655607155037,28,4673.0,False,,
3505.0,33,513.0,12.512195121951219,1.9562678606187105,33,4825.0,0.03070740676676237,33,4825.0,False,,
3510.0,32,580.0,14.146341463414634,1.7999805268609734,32,4951.0,0.03161885085245972,32,4951.0,False,,
3515.0,26,557.0,14.282051282051283,2.3817144186051893,26,4321.0,0.09841111384467943,26,4321.0,False,,
3520.0,17,392.0,10.31578947368421,3.424549260383214,17,4251.0,0.17658328053519579,17,4251.0,False,,
3525.0,15,215.0,5.375,3.5676876038524115,14,4067.0,0.165442107147857,14,4067.0,False,,
3530.0,12,152.0,3.707317073170732,4.826945159093514,12,3900.0,0.2446106672748105,12,3900.0,False,,
3535.0,8,42.0,1.05,4.509200506198999,8,3790.0,0.2416723331512802,8,3790.0,False,,
3540.0,6,31.0,0.7948717948717948,5.254632805697041,6,3052.0,0.25815050894303704,6,3052.0,False,,
3545.0,5,18.0,0.47368421052631576,5.449048769456109,4,2397.0,0.2725693328580698,4,2397.0,False,,
3550.0,7,21.0,0.5675675675675675,5.708594206610413,6,2175.0,0.28168961978734935,6,2175.0,False,,
3555.0,8,38.0,1.0857142857142856,4.427768440157829,8,2200.0,0.20873753203971326,8,2200.0,False,,
3560.0,14,88.0,2.588235294117647,3.492932927577947,12,2243.0,0.14342176026067424,12,2243.0,False,,
3565.0,14,138.0,4.3125,3.318642892333917,14,2305.0,0.10057240389134448,14,2305.0,False,,
3570.0,18,218.0,7.517241379310345,3.588321610974222,18,2380.0,0.08853628979484984,18,2380.0,False,,
3575.0,16,217.0,7.75,3.4874572925175635,16,2383.0,0.10320062010846144,16,2383.0,False,,
3580.0,11,160.0,5.517241379310345,4.93228112868665,11,1989.0,0.17694142986610512,11,1989.0,False,,
3585.0,10,119.0,4.407407407407407,4.961527199306107,10,2033.0,0.22176009978915281,10,2033.0,False,,
3590.0,6,55.0,1.9642857142857142,5.361942937753306,6,2070.0,0.2870509312767097,6,2070.0,False,,
3595.0,7,52.0,2.08,4.183462001365877,7,2105.0,0.24182177190172516,7,2105.0,False,,
3600.0,11,100.0,3.8461538461538463,3.443089318905736,11,2153.0,0.11221293480087653,11,2153.0,True,"{'r': -21.53, 'l': 720, 't': 178.423393}","[0.         0.         1.         1.         0.03890042 0.7002075
 0.07653061 0.         0.42790458 0.        ]"
